ship_id,is_old,tier,type_id,nation_id,rarity_id,premium,special,index,default,zh_cn,zh_sg,zh_tw,en_short,en_full,ja,ru
3765319664,0,5,4,1,,1,0,PASD505,Hill,,希尔,,Hill,Hill,Hill,Hill
3760109552,0,9,3,1,,1,0,PASC510,Alaska,,阿拉斯加,,Alaska,Alaska,Alaska,Alaska
3553572848,0,7,2,1,,1,0,PASB707,California,,加利福尼亚,,California,California,California,California
4075730928,0,9,3,1,,0,0,PASC209,Seattle,,西雅图,,Seattle,Seattle,Seattle,Seattle
3752769328,0,7,3,3,,1,0,PGSC517,Weimar,,魏玛,,Weimar,Weimar,Weimar,Weimar
3756963280,0,3,3,5,,1,0,PRSC513,Varyag,,瓦良格,,Varyag,Varyag,Varyag,Варяг
4186912208,0,3,2,5,,0,0,PRSB103,Knyaz_Suvorov,,苏沃洛夫公爵,,Knyaz Suvorov,Knyaz Suvorov,Knyaz Suvorov,Князь Суворов
3655251408,0,10,3,5,,0,1,PRSC610,Smolensk,,斯摩棱斯克,,Smolensk,Smolensk,Smolensk,Смоленск
4181669616,0,8,2,7,,0,0,PISB108,Vittorio_Veneto,,维托里奥·维内托,,V. Veneto,Vittorio Veneto,V. Veneto,V. Veneto
4179507024,0,10,4,6,,0,0,PFSD110,Kleber,,克莱贝尔,,Kléber,Kléber,Kléber,Kléber
3743332304,0,6,3,4,,1,0,PBSC526,Dido,,黛朵,,Dido,Dido,Dido,Dido
4078876624,0,6,3,4,,0,0,PBSC206,Devonshire,,德文郡,,Devonshire,Devonshire,Devonshire,Devonshire
3751720400,0,7,3,5,,1,0,PRSC518,Lazo,,拉佐,,Lazo,Lazo,Lazo,Лазо
3655218480,0,10,4,9,,0,1,PWSD610,Smaland,,斯莫兰,,Småland,Småland,Småland,Småland
3751687376,0,8,4,8,,1,0,PZSD518,Fen_Yang,,汾阳,,Fenyang,Fenyang,Fenyang,Fenyang
4181112816,1,8,5,1,,0,1,PASS108,Salmon,,鲑鱼 (old),,Salmon (old),Salmon (< 04.10.2022),Salmon (old),Salmon (old)
3760141776,0,10,2,5,,0,1,PRSB510,Slava,,光荣,,Slava,Slava,Slava,Слава
4293834192,0,3,3,5,,1,0,PRSC001,Avrora_1917,,阿芙乐尔,,Aurora,Aurora,Aurora,Аврора
3751753168,0,8,2,5,,1,0,PRSB518,Lenin,,列宁,,Lenin,Lenin,Lenin,Ленин
3751196368,0,8,5,2,,1,0,PJSS518,I56,,I-56,,I-56,I-56,伊 56,I-56
3560912592,0,10,2,2,,0,1,PJSB700,ARP_Yamato,,ARP 大和,,ARP Yamato,ARP Yamato,ARP 大和,ARP Yamato
4074682192,0,10,3,6,,0,0,PFSC210,Marseille,,马赛,,Marseille,Marseille,Marseille,Marseille
3666818896,0,9,2,6,,1,0,PFSB599,Black_Jean_Bart,,让·巴尔 B,,Jean Bart B,Jean Bart B,Jean Bart B,Jean Bart B
3445536208,0,10,3,5,,0,1,PRSC810,Komissar,,政委,,Komissar,Komissar,Komissar,Комиссар
4183733456,0,6,3,8,,0,0,PZSC106,Rahmat,,拉赫马特,,Rahmat,Rahmat,Rahmat,Rahmat
4188976560,0,1,3,13,,0,0,PSSC101,Jupiter,,朱庇特,,Júpiter,Júpiter,Júpiter,Júpiter
3761682384,0,8,5,4,,1,0,PBSS508,Alliance,,联盟,,Alliance,Alliance,Alliance,Alliance
4183799248,0,6,1,5,,0,0,PRSA106,Serov,,谢罗夫,,Serov,Serov,Serov,Серов
4074157872,0,10,5,3,,0,0,PGSS210,U_2501,,U-2501,,U-2501,U-2501,U-2501,U-2501
4277024464,0,5,4,2,,1,0,PJSD017,Kamikaze_1930,,风神,,Fūjin,Fūjin,風神,Fūjin
3332290256,0,8,3,2,,0,1,PJSC918,Tone_Second,,利根2,,Tone 2,Tone 2,利根 2,Tone 2
3729733328,0,9,2,2,,1,0,PJSB539,Daisen,,大山,,Daisen,Daisen,大山,Daisen
3655251664,0,10,3,2,,0,1,PJSC610,Kitakami,,北上,,Kitakami,Kitakami,北上,Kitakami
4075763664,0,9,2,4,,0,0,PBSB209,Duncan,,邓肯,,Duncan,Duncan,Duncan,Duncan
4186912560,0,3,2,3,,0,0,PGSB103,Nassau,,拿骚,,Nassau,Nassau,Nassau,Nassau
3719214544,0,9,3,5,,1,0,PRSC549,Russian_Alaska,,俄属阿拉斯加,,Russian Alaska,Russian Alaska,Russian Alaska,Рус. Аляска
3753850320,0,6,2,5,,1,0,PRSB516,Novorossiysk,,新罗西斯克,,Novorossiysk,Novorossiysk,Novorossiysk,Новороссийск
4289607664,0,6,4,1,,0,0,PASD005,Farragut_1944,,法拉格特,,Farragut,Farragut,Farragut,Farragut
3764336336,0,6,2,2,,1,0,PJSB506,Mutsu,,陆奥,,Mutsu,Mutsu,陸奥,Mutsu
3763288016,0,7,2,4,,1,0,PBSB507,Hood,,胡德,,Hood,Hood,Hood,Hood
4290754544,1,4,1,1,,0,1,PASA004,Langley_1929,,兰利（旧）,,Langley (old),Langley (< 23.01.2019),Langley (old),Langley (old)
4187895760,0,2,4,4,,0,0,PBSD102,Medea,,美狄亚,,Medea,Medea,Medea,Medea
3759585072,0,10,5,3,,0,1,PGSS510,U4501,,U-4501,,U-4501,U-4501,U-4501,U-4501
3762173744,0,7,4,3,,1,0,PGSD508,Z_39,,Z-39,,Z-39,Z-39,Z-39,Z-39
4293834544,0,1,3,3,,0,0,PGSC001,Hermelin_1940,,鼬,,Hermelin,Hermelin,Hermelin,Hermelin
3865982416,0,9,4,5,,0,0,PRSD409,Pr_20i_Tashkent,,塔什干,,Tashkent,Tashkent,Tashkent,Ташкент
4178457904,0,11,4,9,,0,0,PWSD111,Dalarna,,达拉纳,,Dalarna,Dalarna,Dalarna,Dalarna
4076255024,0,8,5,3,,0,0,PGSS208,U190,,U-190,,U-190,U-190,U-190,U-190
3753817456,0,6,3,11,,1,0,PUSC516,Mysore,,迈索尔,,Mysore,Mysore,Mysore,Mysore
3751786448,0,6,1,4,,1,0,PBSA518,Ark_Royal,,皇家方舟,,Ark Royal,Ark Royal,Ark Royal,Ark Royal
3445503824,0,10,4,6,,0,1,PFSD810,Colorful_Kleber,,克莱贝尔 CLR,,Kléber CLR,Kléber CLR,Kléber CLR,Kléber CLR
4178491216,0,11,3,6,,0,0,PFSC111,Conde,,孔代,,Condé,Condé,Condé,Condé
3552524272,0,8,2,1,,1,0,PASB708,Alabama,,阿拉巴马 ST,,Alabama ST,Alabama ST,Alabama ST,Alabama ST
3752736720,0,8,4,4,,1,0,PBSD517,Cossack,,哥萨克人,,Cossack,Cossack,Cossack,Cossack
3742316496,0,7,2,4,,1,0,PBSB527,Duke_of_York,,约克公爵,,Duke of York,Duke of York,Duke of York,Duke of York
4183799600,0,6,1,3,,0,0,PGSA106,Weser,,威悉河,,Weser,Weser,Weser,Weser
3750671568,0,9,3,8,,1,0,PZSC519,Hengshui,,衡水,,Hengshui,Hengshui,Hengshui,Hengshui
3543054032,0,7,3,2,,1,0,PJSC717,Yellow_Dragon,,南方神龙,,S. Dragon,Southern Dragon,S. Dragon,S. Dragon
3761157584,0,9,3,5,,1,0,PRSC509,Kronshtadt,,喀琅施塔得,,Kronshtadt,Kronshtadt,Kronshtadt,Кронштадт
3750704880,0,9,2,7,,1,0,PISB519,Giuseppe_Verdi,,朱塞佩·威尔第,,Giuseppe Verdi,Giuseppe Verdi,Giuseppe Verdi,Giuseppe Verdi
4179605200,0,10,1,2,,0,0,PJSA110,Hakuryu,,白龙,,Hakuryū,Hakuryū,白龍,Hakuryū
4179539376,0,10,3,13,,0,0,PSSC110,Castilla,,卡斯蒂利亚,,Castilla,Castilla,Castilla,Castilla
3363780304,0,8,2,2,,1,0,PJSB888,Ragnarok,,诸神黄昏,,Ragnarok,Ragnarok,Ragnarok,Ragnarok
3761190896,0,9,2,1,,1,0,PASB509,Missouri,,密苏里,,Missouri,Missouri,Missouri,Missouri
4292851696,1,5,1,1,,0,1,PASA002,Bogue_1942,,博格（旧）,,Bogue (old),Bogue (< 23.01.2019),Bogue (old),Bogue (old)
3765352176,0,5,3,7,,1,0,PISC505,Genova,,热那亚,,Genova,Genova,Genova,Genova
4184782800,0,5,3,4,,0,0,PBSC105,Emerald,,翡翠,,Emerald,Emerald,Emerald,Emerald
4179572688,0,10,2,4,,0,0,PBSB110,Conqueror,,征服者,,Conqueror,Conqueror,Conqueror,Conqueror
3764270896,0,6,4,3,,1,0,PGSD506,T_61,,T-61,,T-61,T-61,T-61,T-61
4286494416,0,7,3,2,,0,0,PJSC008,Myoko_1945,,妙高,,Myōkō,Myōkō,妙高,Myōkō
4182717648,0,7,2,8,,0,0,PZSB107,Zulfiqar,,佐勒菲卡尔,,Zulfiqar,Zulfiqar,Zulfiqar,Zulfiqar
3752736752,0,7,4,1,,1,0,PASD517,Mayo,,梅奥,,Mayo,Mayo,Mayo,Mayo
4078352176,0,6,5,3,,0,0,PGSS206,U_69,,U-69,,U-69,U-69,U-69,U-69
3764270832,0,6,4,7,,1,0,PISD506,Leone,,狮子,,Leone,Leone,Leone,Leone
3739137744,0,10,3,2,,0,1,PJSC530,Kuzuryu,,九头龙,,Kuzuryū,Kuzuryū,Kuzuryū,Kuzuryū
3447600848,0,8,4,2,,1,0,PJSD808,Colorful_Akizuki,,秋月 CLR,,Akizuki CLR,Akizuki CLR,Akizuki CLR,Akizuki CLR
4291737584,0,2,3,1,,1,0,PASC003,Albany_1898,,奥尔巴尼,,Albany,Albany,Albany,Albany
4185798480,0,4,4,6,,0,0,PFSD104,Bourrasque,,狂风,,Bourrasque,Bourrasque,Bourrasque,Bourrasque
4277057520,1,9,3,1,,0,1,PASC017,Baltimore_1944,,巴尔的摩（旧）,,Baltimore (old),Baltimore (< 31.05.2018),Baltimore (old),Baltimore (old)
4079957968,0,5,2,4,,0,0,PBSB205,Tiger,,虎,,Tiger,Tiger,Tiger,Tiger
4074747856,0,10,1,4,,0,0,PBSA210,Audacious,,大胆,,Audacious,Audacious,Audacious,Audacious
4185896752,0,4,1,3,,0,0,PGSA104,Rhein,,莱茵河,,Rhein,Rhein,Rhein,Rhein
4282267344,0,10,4,2,,0,0,PJSD012,Shimakaze_1943,,岛风,,Shimakaze,Shimakaze,島風,Shimakaze
4186846960,0,3,4,7,,0,0,PISD103,Sauro,,纳扎里奥·萨乌罗,,N. Sauro,Nazario Sauro,N. Sauro,N. Sauro
3763222256,0,7,4,7,,1,0,PISD507,FR25,,FR25,,FR25,FR25,FR25,FR25
3762206032,0,8,3,12,,1,0,PVSC508,Almirante_Grau,,格劳海军上将,,Almte. Grau,Almirante Grau,Almte. Grau,Almte. Grau
4186879728,0,3,3,7,,0,0,PISC103,Taranto,,塔兰托,,Taranto,Taranto,Taranto,Taranto
3763288048,0,6,2,1,,1,0,PASB507,West_Virginia,,西弗吉尼亚 41,,W. Virginia '41,W. Virginia '41,W. Virginia '41,W. Virginia '41
4186879952,0,3,3,4,,0,0,PBSC103,Caledon,,卡利登,,Caledon,Caledon,Caledon,Caledon
3761157936,0,9,3,3,,1,0,PGSC509,Siegfried,,齐格菲,,Siegfried,Siegfried,Siegfried,Siegfried
4292818736,0,8,2,3,,1,0,PGSB002,Tirpiz_1942,,提尔皮茨,,Tirpitz,Tirpitz,Tirpitz,Tirpitz
3765384528,0,5,2,12,,1,0,PVSB505,Rio_de_Janeiro,,里约热内卢,,Rio de Janeiro,Rio de Janeiro,Rio de Janeiro,Rio de Janeiro
4179539728,0,10,3,10,,0,0,PHSC110,Gouden_Leeuw,,金狮,,Gouden Leeuw,Gouden Leeuw,Gouden Leeuw,Gouden Leeuw
3555670000,0,5,2,1,,1,0,PASB705,Texas_1944,,德克萨斯,,Texas,Texas,Texas,Texas
3730748880,0,8,3,5,,1,0,PRSC538,Petr_Bagration,,彼得罗·巴格拉季昂,,P. Bagration,Pyotr Bagration,P. Bagration,П. Багратион
3658397424,0,7,3,7,,1,0,PISC607,Gorizia,,戈里齐亚,,Gorizia,Gorizia,Gorizia,Gorizia
3545183952,0,5,2,2,,1,0,PJSB715,HSF_Hiei,,HSF 比叡,,HSF Hiei,HSF Hiei,HSF 比叡,HSF Hiei
3761190224,0,9,2,12,,1,0,PVSB509,Patagonia,,巴塔哥尼亚,,Patagonia,Patagonia,Patagonia,Patagonia
4185863920,0,4,2,7,,0,0,PISB104,Dante_Alighieri,,但丁·阿利吉耶里,,D. Alighieri,Dante Alighieri,D. Alighieri,D. Alighieri
3761157968,0,9,3,6,,1,0,PFSC509,Carnot,,卡诺,,Carnot,Carnot,Carnot,Carnot
3668883440,0,7,3,1,,1,0,PASC597,Nueve_de_Julio_1951,,博伊西,,Boise,Boise,Boise,Boise
3730782192,0,8,2,1,,1,0,PASB538,Constellation,,星座,,Constellation,Constellation,Constellation,Constellation
4187895632,0,2,4,6,,0,0,PFSD102,Enseigne_Gabolde,,加博尔德海军少尉,,En. Gabolde,Enseigne Gabolde,En. Gabolde,En. Gabolde
3751786192,0,8,1,2,,1,0,PJSA518,Kaga,,加贺,,Kaga,Kaga,加賀,Kaga
4183209968,1,6,5,1,,0,1,PASS106,Cachalot,,抹香鲸 (old),,Cachalot (old),Cachalot (< 04.10.2022),Cachalot (old),Cachalot (old)
4082055120,0,3,2,4,,0,0,PBSB203,Indefatigable,,不倦,,Indefatigable,Indefatigable,Indefatigable,Indefatigable
3741300688,0,8,1,4,,1,0,PBSA528,Colossus,,巨像,,Colossus,Colossus,Colossus,Colossus
4183701328,0,6,4,6,,0,0,PFSD106,Guepard,,猎豹,,Guépard,Guépard,Guépard,Guépard
3760075984,0,10,4,8,,0,1,PZSD510,Lushun,,旅顺,,Lüshun,Lüshun,Lüshun,Lüshun
4182685104,0,7,3,13,,0,0,PSSC107,Asturias,,阿斯图里亚斯,,Asturias,Asturias,Asturias,Asturias
3971888592,0,8,4,5,,0,0,PRSD308,Pr_48,,基辅,,Kiev,Kiev,Kiev,Киев
3765351888,0,5,3,5,,1,0,PRSC505,KrasniKrym,,红色克里米亚,,Krasny Krym,Krasny Krym,Krasny Krym,Красный Крым
3760109296,0,10,3,7,,0,1,PISC510,Napoli,,那不勒斯,,Napoli,Napoli,Napoli,Napoli
4183701200,0,6,4,2,,0,0,PJSD106,Fubuki,,吹雪,,Fubuki,Fubuki,吹雪,Fubuki
4178491088,0,11,3,2,,0,0,PJSC111,Senjo,,仙丈,,Senjō,Senjō,Senjō,Senjō
3765385200,0,5,2,1,,1,0,PASB505,Oklahoma,,俄克拉荷马,,Oklahoma,Oklahoma,Oklahoma,Oklahoma
3760175088,0,10,1,1,,0,1,PASA510,Roosevelt,,富兰克林·D·罗斯福,,F. D. Roosevelt,Franklin D. Roosevelt,F. D. Roosevelt,F. D. Roosevelt
4188977104,0,1,3,4,,0,0,PBSC101,Black_Swan,,黑天鹅,,Black Swan,Black Swan,Black Swan,Black Swan
4293867504,0,3,2,1,,0,0,PASB001,Michigan_1916,,南卡罗来纳,,S. Carolina,South Carolina,S. Carolina,S. Carolina
4178556880,0,11,1,4,,0,0,PBSA111,Eagle,,老鹰,,Eagle,Eagle,Eagle,Eagle
3763255088,0,7,3,3,,1,0,PGSC507,Munchen,,慕尼黑,,München,München,München,München
4187927984,0,2,3,13,,0,0,PSSC102,Mendez_Nunez,,门德斯·努涅斯,,Méndez Núñez,Méndez Núñez,Méndez Núñez,Méndez Núñez
4180588368,0,9,3,6,,0,0,PFSC109,Saint_Louis,,路易九世,,Saint-Louis,Saint-Louis,Saint-Louis,Saint-Louis
4188976432,0,1,3,9,,0,0,PWSC101,Gryf,,狮鹫,,Gryf,Gryf,Gryf,Gryf
4181636880,0,8,3,10,,0,0,PHSC108,Haarlem,,哈勒姆,,Haarlem,Haarlem,Haarlem,Haarlem
4183766768,0,6,2,7,,0,0,PISB106,Andrea_Doria,,安德烈亚·多里亚,,Andrea Doria,Andrea Doria,Andrea Doria,Andrea Doria
4184749360,0,5,4,9,,0,0,PWSD105,Visby,,维斯比,,Visby,Visby,Visby,Visby
4075697968,0,9,4,3,,0,0,PGSD209,Felix_Schultz,,F.舒尔茨,,F. Schultz,Felix Schultz,F. Schultz,F. Schultz
3676223184,0,10,3,2,,0,1,PJSC590,Black_Yoshino,,吉野 B,,Yoshino B,Yoshino B,吉野 B,Yoshino B
4184782672,0,5,3,6,,0,0,PFSC105,Emile_Bertin,,白劳易,,Émile Bertin,Émile Bertin,Émile Bertin,Émile Bertin
4179572560,0,10,2,6,,0,0,PFSB110,France,,共和国,,République,République,République,République
3764271088,0,6,4,1,,1,0,PASD506,Monaghan,,莫纳汉,,Monaghan,Monaghan,Monaghan,Monaghan
3753818064,0,6,3,4,,1,0,PBSC516,London,,伦敦,,London,London,London,London
3720296272,0,8,2,6,,1,0,PFSB548,Picardie,,皮卡第,,Picardie,Picardie,Picardie,Picardie
3762173136,0,8,4,8,,1,0,PZSD508,LoYang,,洛阳,,Loyang,Loyang,Loyang,Loyang
3654727664,0,10,5,1,,0,1,PASS610,Archerfish,,射水鱼,,Archerfish,Archerfish,Archerfish,Archerfish
3767449040,0,3,3,5,,1,0,PRSC503,Oleg,,奥列格,,Oleg,Oleg,Oleg,Олег
3762238928,0,7,2,5,,1,0,PRSB508,Poltava,,波尔塔瓦,,Poltava,Poltava,Poltava,Полтава
4185830832,0,4,3,13,,0,0,PSSC104,Almirante_Cervera,,塞韦拉海军上将,,Almte. Cervera,Almirante Cervera,Almte. Cervera,Almte. Cervera
3719247568,0,9,2,2,,1,0,PJSB549,Tsurugi,,剑,,Tsurugi,Tsurugi,剣,Tsurugi
3552523984,0,5,2,2,,1,0,PJSB708,Hiei_Arpeggio,,ARP 比叡,,ARP Hiei,ARP Hiei,ARP 比叡,ARP Hiei
3762272240,1,8,1,1,,0,1,PASA508,Enterprise,,企业（旧）,,Enterprise (old),Enterprise (< 23.01.2019),Enterprise (old),Enterprise (old)
4185864144,0,4,2,4,,0,0,PBSB104,Orion,,俄里翁,,Orion,Orion,Orion,Orion
3760142128,0,10,2,3,,0,1,PGSB510,Lothringen,,洛林,,Lothringen,Lothringen,Lothringen,Lothringen
4180588304,0,9,3,10,,0,0,PHSC109,Johan_de_Witt,,约翰·德·维特,,Johan de Witt,Johan de Witt,Johan de Witt,Johan de Witt
3763254608,0,7,3,12,,1,0,PVSC507,Nueve_de_Julio_1951,,七月九日,,Nueve de Julio,Nueve de Julio,Nueve de Julio,Nueve de Julio
3679369200,0,7,3,1,,1,0,PASC587,Black_Atlanta,,亚特兰大 B,,Atlanta B,Atlanta B,Atlanta B,Atlanta B
3761125104,0,9,4,7,,1,0,PISD509,Paolo_Emilio,,保罗·埃米利奥,,Paolo Emilio,Paolo Emilio,Paolo Emilio,Paolo Emilio
3762206480,0,8,3,10,,1,0,PHSC508,De_Zeven_Provincien,,七省,,De 7 Provinciën,De Zeven Provinciën,De 7 Provinciën,De 7 Provinciën
4287510224,1,8,4,2,,0,1,PJSD007,Fubuki_1944,,吹雪 (old),,Fubuki (old),Fubuki (< 01.12.2016),吹雪 (old),Fubuki (old)
4282300112,0,9,3,2,,0,0,PJSC012,Ibuki_1944,,伊吹,,Ibuki,Ibuki,伊吹,Ibuki
4188976880,0,1,3,7,,0,0,PISC101,Eritrea,,厄立特里亚,,Eritrea,Eritrea,Eritrea,Eritrea
3667900112,0,8,1,2,,1,0,PJSA598,Black_Kaga,,加贺 B,,Kaga B,Kaga B,加賀 B,Kaga B
3655219024,0,10,4,6,,0,1,PFSD610,Chateaurenault,,沙托雷诺,,Châteaurenault,Châteaurenault,Châteaurenault,Châteaurenault
4186879824,0,3,3,6,,0,0,PFSC103,Friant,,弗利昂,,Friant,Friant,Friant,Friant
4181669712,0,8,2,6,,0,0,PFSB108,Richelieu,,黎塞留,,Richelieu,Richelieu,Richelieu,Richelieu
3331241680,0,8,3,2,,0,1,PJSC919,Tone_Third,,利根 3,,Tone 3,Tone 3,利根 3,Tone 3
4081039312,0,4,1,4,,0,0,PBSA204,Hermes,,竞技神,,Hermes,Hermes,Hermes,Hermes
3655317296,0,10,1,3,,0,1,PGSA610,Max_Immelmann,,M.殷麦曼,,M. Immelmann,Max Immelmann,M. Immelmann,M. Immelmann
3764270288,0,6,4,8,,1,0,PZSD506,Anshan,,鞍山,,Anshan,Anshan,Anshan,Anshan
4074747600,0,10,1,2,,0,0,PJSA210,Taiho,,大凤,,Taihō,Taihō,Taihō,Taihō
3764303600,0,6,3,7,,1,0,PISC506,DucadAosta,,奥斯塔公爵,,Duca d'Aosta,Duca d'Aosta,Duca d'Aosta,Duca d'Aosta
3550360880,0,10,4,9,,0,1,PWSD710,Ragnar,,朗纳尔,,Ragnar,Ragnar,Ragnar,Ragnar
3764336432,0,6,2,3,,1,0,PGSB506,Prinz_Eithel_Friedrich,,E.弗里德里希亲王,,P. E. Friedrich,Prinz Eitel Friedrich,P. E. Friedrich,P. E. Friedrich
4281219056,0,10,4,1,,0,0,PASD013,Gearing_1945,,基林,,Gearing,Gearing,Gearing,Gearing
3447666672,0,8,2,1,,1,0,PASB808,Colorful_North_Carolina,,北卡罗来纳 CLR,,N. Carolina CLR,North Carolina CLR,N. Carolina CLR,N. Carolina CLR
3667801296,0,8,4,8,,1,0,PZSD598,Black_LoYang,,洛阳 B,,Loyang B,Loyang B,Loyang B,Loyang B
3762239280,0,8,2,3,,1,0,PGSB508,Odin,,奥丁,,Odin,Odin,Odin,Odin
3676223216,0,10,3,7,,0,1,PISC590,Black_Napoli,,那不勒斯 B,,Napoli B,Napoli B,Napoli B,Napoli B
4185831184,0,4,3,10,,0,0,PHSC104,De_Ruyter,,德·鲁伊特,,De Ruyter,De Ruyter,De Ruyter,De Ruyter
4077794768,0,7,4,5,,0,0,PRSD207,Minsk,,明斯克,,Minsk,Minsk,Minsk,Минск
4076745936,0,8,4,8,,1,0,PZSD208,Siliwangi_1959,,西利旺义,,Siliwangi,Siliwangi,Siliwangi,Siliwangi
3762239216,0,8,2,7,,1,0,PISB508,Roma,,罗马,,Roma,Roma,Roma,Roma
4289607376,1,6,4,2,,0,1,PJSD005,Mutsuki_1926,,睦月 (旧),,Mutsuki (old),Mutsuki (< 01.12.2016),睦月 (old),Mutsuki (old)
4077828080,0,7,3,1,,0,0,PASC207,Helena,,海伦娜,,Helena,Helena,Helena,Helena
4188976976,0,1,3,6,,0,0,PFSC101,Bougainville,,布甘维尔,,Bougainville,Bougainville,Bougainville,Bougainville
4183766864,0,6,2,6,,0,0,PFSB106,Normandie,,诺曼底,,Normandie,Normandie,Normandie,Normandie
3752802256,0,7,2,4,,1,0,PBSB517,Nelson,,纳尔逊,,Nelson,Nelson,Nelson,Nelson
3767448784,0,3,3,8,,1,0,PZSC503,Ning_Hai,,宁海,,Ning Hai,Ning Hai,Ning Hai,Ning Hai
3667834672,0,8,3,3,,1,0,PGSC598,Black_Mainz,,美因茨 B,,Mainz B,Mainz B,Mainz B,Mainz B
3761157328,0,9,3,8,,1,0,PZSC509,Dalian,,大连,,Dalian,Dalian,Dalian,Dalian
4187928336,0,2,3,10,,0,0,PHSC102,Gelderland,,海尔德兰,,Gelderland,Gelderland,Gelderland,Gelderland
4179506640,0,10,4,5,,0,1,PRSD110,Pr_24_Khabarovsk,,哈巴罗夫斯克,,Khabarovsk,Khabarovsk,Khabarovsk,Хабаровск
3761190640,0,9,2,7,,1,0,PISB509,Marco_Polo,,马可·波罗,,Marco Polo,Marco Polo,Marco Polo,Marco Polo
4181702352,0,8,1,2,,0,0,PJSA108,Shokaku,,翔鹤,,Shōkaku,Shōkaku,翔鶴,Shōkaku
3720230608,0,8,4,2,,1,0,PJSD548,Mika,,未来,,Mika,Mika,Mika,Mika
3761125360,0,9,4,1,,1,0,PASD509,Benham,,贝纳姆,,Benham,Benham,Benham,Benham
4179571920,0,10,2,8,,0,0,PZSB110,Tiangong,,天宫,,Tiangong,Tiangong,Tiangong,Tiangong
4186846416,0,3,4,8,,0,0,PZSD103,Phra_Ruang,,帕禳,,Phra Ruang,Phra Ruang,Phra Ruang,Phra Ruang
3666786288,0,9,3,1,,1,0,PASC599,Black_Alaska,,阿拉斯加 B,,Alaska B,Alaska B,Alaska B,Alaska B
3751196112,0,8,5,5,,1,0,PRSS518,Black_S_189,,S-189 B,,S-189 B,S-189 B,S-189 B,С-189 Ч
3739137488,0,10,3,5,,0,1,PRSC530,Black_Smolensk,,斯摩棱斯克 B,,Smolensk B,Smolensk B,Smolensk B,Смоленск B
3760076080,0,9,4,9,,1,0,PWSD510,Friesland,,弗里斯兰,,Friesland,Friesland,Friesland,Friesland
4075697872,0,9,4,2,,0,0,PJSD209,Yugumo,,夕云,,Yūgumo,Yūgumo,夕雲,Yūgumo
4288657104,1,5,1,2,,0,1,PJSA006,Zuiho_1944,,瑞凤（旧）,,Zuihō (old),Zuihō (< 23.01.2019),瑞鳳 (old),Zuihō (old)
3760076208,0,10,4,13,,0,1,PSSD510,Alvaro_de_Bazan,,阿尔瓦罗·德·巴赞,,Álvaro de Bazán,Álvaro de Bazán,Álvaro de Bazán,Álvaro de Bazán
4291704528,0,4,4,2,,0,0,PJSD003,Isokaze_1917,,矶风,,Isokaze,Isokaze,磯風,Isokaze
4286461936,0,8,4,1,,0,0,PASD008,Benson_1945,,本森,,Benson,Benson,Benson,Benson
3764303280,0,6,3,13,,1,0,PSSC506,Canarias,,加那利,,Canarias,Canarias,Canarias,Canarias
4074715120,0,10,2,1,,0,0,PASB210,Louisiana,,路易斯安那,,Louisiana,Louisiana,Louisiana,Louisiana
4293834736,0,1,3,1,,0,0,PASC001,Erie_1936,,伊利,,Erie,Erie,Erie,Erie
3760109520,0,10,3,4,,0,1,PBSC510,Plymouth,,普利茅斯,,Plymouth,Plymouth,Plymouth,Plymouth
3731830576,0,7,2,3,,1,0,PGSB537,Pfalz,,普法尔茨,,Pfalz,Pfalz,Pfalz,Pfalz
4183734000,0,6,3,7,,0,0,PISC106,Trento,,特伦托,,Trento,Trento,Trento,Trento
4181603792,1,8,4,5,,0,1,PRSD108,Pr_20i_Tashkent,,塔什干 (OLD),,Tashkent (OLD),Tashkent (< 06.03.2017),Tashkent (OLD),Ташкент (OLD)
3749623504,0,10,3,2,,0,1,PJSC520,Yoshino,,吉野,,Yoshino,Yoshino,吉野,Yoshino
3655218896,0,10,4,2,,0,1,PJSD610,Natsukaze,,夏风,,Natsukaze,Natsukaze,Natsukaze,Natsukaze
4074649584,0,10,4,1,,0,0,PASD210,Lynch,,林奇,,Lynch,Lynch,Lynch,Lynch
3644766192,0,10,3,1,,0,1,PASC620,Chesapeake,,切萨皮克,,Chesapeake,Chesapeake,Chesapeake,Chesapeake
4183799760,0,6,1,4,,0,0,PBSA106,Furious,,暴怒,,Furious,Furious,Furious,Furious
3655284688,0,10,2,4,,0,1,PBSB610,Incomparable,,无比,,Incomparable,Incomparable,Incomparable,Incomparable
4179506992,0,10,4,3,,0,0,PGSD110,Z_52,,Z-52,,Z-52,Z-52,Z-52,Z-52
3550394128,0,10,3,10,,0,1,PHSC710,Callenburgh,,卡伦伯格,,Callenburgh,Callenburgh,Callenburgh,Callenburgh
4181112784,0,8,5,4,,0,0,PBSS108,Sturdy,,强健,,Sturdy,Sturdy,Sturdy,Sturdy
3766433072,0,5,2,9,,1,0,PWSB504,Viribus_Unitis,,联合力量,,Viribus Unitis,Viribus Unitis,Viribus Unitis,Viribus Unitis
4287575760,0,5,2,2,,0,0,PJSB007,Kongo_1942,,金刚,,Kongō,Kongō,金剛,Kongō
4293801680,0,2,4,2,,1,0,PJSD001,Tachibana_1912,,橘,,Tachibana,Tachibana,橘,Tachibana
4288559088,0,7,4,1,,0,0,PASD006,Mahan_1936,,马汉,,Mahan,Mahan,Mahan,Mahan
3761125136,0,9,4,10,,1,0,PHSD509,Groningen,,格罗宁根,,Groningen,Groningen,Groningen,Groningen
3741267952,0,8,2,1,,1,0,PASB528,Alabama_VL,,阿拉巴马 VL,,Alabama VL,Alabama VL,Alabama VL,Alabama VL
3767416784,0,3,4,4,,1,0,PBSD503,Campbeltown_1941,,坎贝尔敦,,Campbeltown,Campbeltown,Campbeltown,Campbeltown
3762206672,0,8,3,4,,1,0,PBSC508,Cheshire,,柴郡,,Cheshire,Cheshire,Cheshire,Cheshire
3750639408,0,9,4,3,,1,0,PGSD519,Z_44,,Z-44,,Z-44,Z-44,Z-44,Z-44
3666818864,0,9,2,3,,1,0,PGSB599,Black_Pommern,,波美拉尼亚 B,,Pommern B,Pommern B,Pommern B,Pommern B
4184749776,0,5,4,2,,0,0,PJSD105,Mutsuki,,睦月,,Mutsuki,Mutsuki,睦月,Mutsuki
3708728784,0,9,3,5,,1,0,PRSC559,Sverdlovsk,,斯维尔德洛夫斯克,,Свердловск,Свердловск,Свердловск,Свердловск
4078941904,0,6,1,2,,0,0,PJSA206,Zuiho,,瑞凤,,Zuihō,Zuihō,Zuihō,Zuihō
4077860816,0,7,2,4,,0,0,PBSB207,Rooke,,鲁克,,Rooke,Rooke,Rooke,Rooke
4256085712,0,1,3,2,,0,0,PJSC037,Hashidate_1940,,桥立,,Hashidate,Hashidate,橋立,Hashidate
3445536752,0,10,3,1,,0,1,PASC810,Austin,,奥斯汀,,Austin,Austin,Austin,Austin
4178556624,0,11,1,2,,0,0,PJSA111,Sekiryu,,赤龙,,Sekiryu,Sekiryu,赤龍,Sekiryu
3667802064,0,8,4,4,,1,0,PBSD598,Black_Cossack,,哥萨克人 B,,Cossack B,Cossack B,Cossack B,Cossack B
4074682160,0,10,3,3,,0,0,PGSC210,Hansa,,汉萨,,Hansa,Hansa,Hansa,Hansa
4181604144,0,8,4,3,,0,0,PGSD108,Z_23,,Z-23,,Z-23,Z-23,Z-23,Z-23
3969857328,0,10,2,3,,0,0,PGSB310,Preussen,,普鲁士,,Preussen,Preussen,Preussen,Preussen
3743331792,0,6,3,5,,1,0,PRSC526,Black_Molotov,,莫洛托夫 B,,Molotov B,Molotov B,Molotov B,Молотов Ч
4185896400,0,4,1,5,,0,0,PRSA104,Komsomolets,,共青团员,,Komsomolets,Komsomolets,Komsomolets,Комсомолец
3552491216,0,8,3,2,,1,0,PJSC708,ARP_Takao,,ARP 高雄,,ARP Takao,ARP Takao,ARP 高雄,ARP Takao
4179572464,0,10,2,7,,0,0,PISB110,Cristoforo_Colombo,,克里斯托弗·哥伦布,,C. Colombo,Cristoforo Colombo,C. Colombo,C. Colombo
3761190608,0,9,2,2,,1,0,PJSB509,Musashi,,武藏,,Musashi,Musashi,武蔵,Musashi
3761190704,0,9,2,3,,1,0,PGSB509,Pommern,,波美拉尼亚,,Pommern,Pommern,Pommern,Pommern
3741234992,0,8,3,3,,1,0,PGSC528,Schill,,席尔,,Schill,Schill,Schill,Schill
3668916016,0,7,2,3,,1,0,PGSB597,Black_Scharnhorst,,沙恩霍斯特 B,,Scharnhorst B,Scharnhorst B,Scharnhorst B,Scharnhorst B
4074682352,0,10,3,1,,0,0,PASC210,Worcester,,伍斯特,,Worcester,Worcester,Worcester,Worcester
3751687888,0,8,4,2,,1,0,PJSD518,Asashio,,朝潮,,Asashio,Asashio,朝潮,Asashio
4076779216,0,8,3,2,,0,0,PJSC208,Shimanto,,四万十,,Shimanto,Shimanto,四万十,Shimanto
4185798096,0,4,4,5,,0,0,PRSD104,Izyaslav,,伊贾斯拉夫,,Izyaslav,Izyaslav,Izyaslav,Изяслав
4180587984,0,9,3,5,,0,0,PRSC109,Dmitry_Donskoy,,迪米特里·顿斯科伊,,Dm. Donskoi,Dmitri Donskoi,Dm. Donskoi,Дм. Донской
3762271984,0,8,1,7,,1,0,PISA508,Aquila,,天鹰,,Aquila,Aquila,Aquila,Aquila
4258182864,0,2,3,2,,0,0,PJSC035,Chikuma_1912,,筑摩,,Chikuma,Chikuma,筑摩,Chikuma
3554621136,0,5,2,2,,1,0,PJSB706,Kirishima,,ARP 雾岛,,ARP Kirishima,ARP Kirishima,ARP 霧島,ARP Kirishima
3760109392,0,10,3,6,,0,1,PFSC510,Colbert,,科尔伯特,,Colbert,Colbert,Colbert,Colbert
3761681872,0,8,5,5,,1,0,PRSS508,S_189,,S-189,,S-189,S-189,S-189,С-189
4181702448,0,8,1,3,,0,0,PGSA108,Parseval,,A.帕塞瓦尔,,A. Parseval,August von Parseval,A. Parseval,A. Parseval
4183701296,0,6,4,3,,0,0,PGSD106,Ernst_Gaede,,盖德,,Gaede,Ernst Gaede,Gaede,Gaede
4178491184,0,11,3,3,,0,0,PGSC111,Clausewitz,,克劳塞维茨,,Clausewitz,Clausewitz,Clausewitz,Clausewitz
3763221872,0,7,4,11,,1,0,PUSD507,Haida,,海达人,,Haida,Haida,Haida,Haida
3740153040,0,9,4,8,,1,0,PZSD529,Ben_Ma,,奔马,,Ben Ma,Ben Ma,Ben Ma,Ben Ma
3729732816,0,9,2,8,,1,0,PZSB539,Louchuan,,楼船,,Louchuan,Louchuan,Louchuan,Louchuan
3740218832,0,9,2,5,,1,0,PRSB529,RTC_Sov_Russia,,苏维埃俄罗斯,,Sov Russia,Sov Russia,Sov Russia,Сов. Россия
3667899856,0,8,1,5,,1,0,PRSA598,Black_Chkalov,,契卡洛夫 B,,Chkalov B,Chkalov B,Chkalov B,Чкалов B
3760076784,0,10,4,1,,0,1,PASD510,Somers,,萨默斯,,Somers,Somers,Somers,Somers
3740186064,0,9,3,5,,1,0,PRSC529,Togliatti,,陶里亚蒂,,Togliatti,Togliatti,Togliatti,Тольятти
4282333168,0,8,2,1,,0,0,PASB012,North_Carolina_1945,,北卡罗来纳,,N. Carolina,North Carolina,N. Carolina,N. Carolina
4078352368,0,6,5,1,,0,0,PASS206,Cachalot,,抹香鲸,,Cachalot,Cachalot,Cachalot,Cachalot
3363747792,0,8,3,4,,1,0,PBSC888,Edinburgh_PR,,星之爱丁堡,,STAR Edinburgh,STAR Edinburgh,STAR Edinburgh,STAR Edinburgh
3761190864,0,9,2,4,,1,0,PBSB509,Marlborough,,马尔博罗,,Marlborough,Marlborough,Marlborough,Marlborough
3741235152,0,8,3,4,,1,0,PBSC528,Belfast_1943,,贝尔法斯特43,,Belfast '43,Belfast '43,Belfast '43,Belfast '43
3769513264,0,7,4,9,,1,0,PWSD501,Blyskawica,,闪电,,Błyskawica,Błyskawica,Blyskawica,Błyskawica
4187895248,0,2,4,5,,0,0,PRSD102,SM_Storojevoy,,守卫,,Storozhevoi,Storozhevoi,Storozhevoi,Сторожевой
4182685136,0,7,3,5,,0,0,PRSC107,Schors,,肖尔斯,,Shchors,Shchors,Shchors,Щорс
3762173232,0,8,4,9,,1,0,PWSD508,Orkan,,奥坎,,Orkan,Orkan,Orkan,Orkan
4288624336,0,6,2,2,,0,0,PJSB006,Fuso_1943,,扶桑,,Fusō,Fusō,扶桑,Fusō
3522082512,0,7,3,2,,1,0,PJSC737,Nachi,,ARP 那智,,ARP Nachi,ARP Nachi,ARP 那智,ARP Nachi
3762206544,0,8,3,6,,1,0,PFSC508,Bayard,,贝亚德,,Bayard,Bayard,Bayard,Bayard
3668850672,0,7,4,1,,1,0,PASD597,Black_Sims,,西姆斯 B,,Sims B,Sims B,Sims B,Sims B
4185798448,0,4,4,3,,0,0,PGSD104,V_170,,V-170,,V-170,V-170,V-170,V-170
4180588336,0,9,3,3,,0,0,PGSC109,Roon,,罗恩,,Roon,Roon,Roon,Roon
4183701232,0,6,4,7,,0,0,PISD106,Aviere,,飞行员,,Aviere,Aviere,Aviere,Aviere
3763320528,1,7,1,2,,0,1,PJSA507,Kaga,,加贺（旧）,,Kaga (old),Kaga (< 23.01.2019),加賀 (old),Kaga (old)
3551409616,0,9,4,5,,1,0,PRSD709,Pr_41_Neustrashimy,,不惧,,Neustrashimy,Neustrashimy,Neustrashimy,Неустрашимый
4077860304,0,7,2,5,,0,0,PRSB207,Admiral_Senyavin,,谢尼亚文,,Admiral Senyavin,Admiral Senyavin,Admiral Senyavin,Сенявин
4076812272,0,8,2,1,,0,0,PASB208,Nebraska,,内布拉斯加,,Nebraska,Nebraska,Nebraska,Nebraska
3751720944,0,8,3,1,,1,0,PASC518,Anchorage,,安克雷奇,,Anchorage,Anchorage,Anchorage,Anchorage
3763222224,0,7,4,2,,1,0,PJSD507,Yudachi,,夕立,,Yūdachi,Yūdachi,夕立,Yūdachi
4184815408,0,5,2,3,,0,0,PGSB105,Koenig,,国王,,König,König,König,König
3762206704,0,8,3,1,,1,0,PASC508,Wichita,,威奇塔,,Wichita,Wichita,Wichita,Wichita
4075763504,0,9,2,3,,0,0,PGSB209,Prinz_Rupprecht,,鲁普雷希特亲王,,P. Rupprecht,Prinz Rupprecht,P. Rupprecht,P. Rupprecht
3667900208,0,8,1,3,,1,0,PGSA598,Black_Graf_Zeppelin,,齐柏林伯爵 B,,Graf Zeppelin B,Graf Zeppelin B,Graf Zeppelin B,Graf Zeppelin B
4179506384,0,10,4,8,,0,0,PZSD110,Hsiang_Yang,,岳阳,,Yueyang,Yueyang,Yueyang,Yueyang
3708761808,0,9,2,2,,1,0,PJSB559,Black_Iwami,,石见 B,,Iwami B,Iwami B,石見 B,Iwami B
3542005744,0,8,3,1,,1,0,PASC718,AZUR_Montpelier,,AL 蒙彼利埃,,AL Montpelier,AL Montpelier,AL Montpelier,AL Montpelier
4184782288,1,5,3,5,,0,1,PRSC105,Kirov,,基洛夫 (OLD),,Kirov (OLD),Kirov (< 10.06.2020),Kirov (OLD),Киров (OLD)
4179572176,0,10,2,5,,0,0,PRSB110,Sovetskaya_Rossiya,,克里姆林,,Kremlin,Kremlin,Kremlin,Кремль
3752736048,0,7,4,9,,1,0,PWSD517,Black_Blyskawica,,闪电 B,,Błyskawica B,Błyskawica B,Błyskawica B,Błyskawica B
4267587280,0,5,4,2,,1,0,PJSD026,Camo_Kamikaze,,神风 R,,Kamikaze R,Kamikaze R,神風 R,Kamikaze R
3720263664,0,8,3,1,,1,0,PASC548,San_Diego,,圣地亚哥,,San Diego,San Diego,San Diego,San Diego
3764303696,0,6,3,6,,1,0,PFSC506,De_Grasse,,德·格拉斯,,De Grasse,De Grasse,De Grasse,De Grasse
4180621296,0,9,2,1,,0,0,PASB109,Minnesota,,明尼苏达,,Minnesota,Minnesota,Minnesota,Minnesota
4076746192,0,8,4,5,,1,0,PRSD208,Pr_30,,火力,,Ognevoi,Ognevoi,Ognevoi,Огневой
4187895600,0,2,4,3,,0,0,PGSD102,V_25,,V-25,,V-25,V-25,V-25,V-25
3759585104,0,10,5,6,,0,1,PFSS510,Surcouf,,絮库夫,,Surcouf,Surcouf,Surcouf,Surcouf
4276041712,0,9,2,1,,0,0,PASB018,Iowa_1944,,依阿华,,Iowa,Iowa,Iowa,Iowa
3362666192,0,9,4,2,,1,0,PJSD889,Kitakaze_PR,,星之北风,,STAR Kitakaze,STAR Kitakaze,STAR 北風,STAR Kitakaze
3760109264,0,9,3,2,,1,0,PJSC510,Azumaya,,吾妻,,Azuma,Azuma,吾妻,Azuma
3553572560,0,5,2,2,,1,0,PJSB707,Haruna,,ARP 榛名,,ARP Haruna,ARP Haruna,ARP 榛名,ARP Haruna
4286527472,0,7,2,1,,0,0,PASB008,Colorado_1945,,科罗拉多,,Colorado,Colorado,Colorado,Colorado
4281317360,1,9,1,1,,0,1,PASA013,Essex_1945,,埃塞克斯（旧）,,Essex (old),Essex (< 23.01.2019),Essex (old),Essex (old)
3751786480,0,8,1,1,,1,0,PASA518,Enterprise,,企业,,Enterprise,Enterprise,Enterprise,Enterprise
3765385168,0,5,2,4,,1,0,PBSB505,Agincourt,,阿金库尔,,Agincourt,Agincourt,Agincourt,Agincourt
3760175056,0,10,1,4,,0,1,PBSA510,Malta,,马耳他,,Malta,Malta,Malta,Malta
4077860656,0,7,2,3,,0,0,PGSB207,Prinz_Heinrich,,海因里希亲王,,P. Heinrich,Prinz Heinrich,P. Heinrich,P. Heinrich
4181603536,0,8,4,8,,0,0,PZSD108,Hsien_Yang,,咸阳,,Hsienyang,Hsienyang,Hsienyang,Hsienyang
4074158064,0,10,5,1,,0,0,PASS210,Balao,,巴劳鱵,,Balao,Balao,Balao,Balao
4276041424,0,10,2,2,,0,0,PJSB018,Yamato_1944,,大和,,Yamato,Yamato,大和,Yamato
4185831152,0,4,3,7,,0,0,PISC104,Alberto_da_Giussano,,朱桑诺,,Giussano,Alberto di Giussano,Giussano,Giussano
4186879440,0,3,3,5,,0,0,PRSC103,Bogatyr,,博加特里,,Bogatyr,Bogatyr,Bogatyr,Богатырь
4181669328,0,8,2,5,,0,0,PRSB108,Vladivostok,,符拉迪沃斯托克,,Vladivostok,Vladivostok,Vladivostok,Владивосток
4269684432,0,3,4,2,,0,0,PJSD024,Wakatake_1923,,若竹,,Wakatake,Wakatake,若竹,Wakatake
4264441840,0,7,4,1,,1,0,PASD029,Sims_1941,,西姆斯,,Sims,Sims,Sims,Sims
3655251952,0,10,3,1,,0,1,PASC610,Puerto_Rico,,波多黎各,,Puerto Rico,Puerto Rico,Puerto Rico,Puerto Rico
4181702640,0,8,1,1,,0,0,PASA108,Lexington,,列克星敦,,Lexington,Lexington,Lexington,Lexington
3732879312,0,6,2,4,,1,0,PBSB536,Black_Repulse,,反击 B,,Repulse B,Repulse B,Repulse B,Repulse B
3720230704,0,8,4,3,,1,0,PGSD548,Z_33,,Z-33,,Z-33,Z-33,Z-33,Z-33
4184782640,0,5,3,3,,0,0,PGSC105,Konigsberg,,柯尼斯堡,,Königsberg,Königsberg,Königsberg,Königsberg
4179572528,0,10,2,3,,0,1,PGSB110,Grossdeutschland,,大选帝侯,,G. Kurfürst,Grosser Kurfürst,G. Kurfürst,G. Kurfürst
3764303216,0,6,3,11,,1,0,PUSC506,Perth_1942,,珀斯,,Perth,Perth,Perth,Perth
4074682064,0,10,3,2,,0,0,PJSC210,Yodo,,淀,,Yodo,Yodo,淀,Yodo
4182685008,0,7,3,12,,0,0,PVSC107,Coronel_Bolognesi,,博洛涅西上校,,Cnel. Bolognesi,Coronel Bolognesi,Cnel. Bolognesi,Cnel. Bolognesi
4293801424,0,5,4,5,,1,0,PRSD001,Gremyashchy_1942,,轰鸣,,Gremyashchy,Gremyashchy,Gremyashchy,Гремящий
3550393808,0,10,3,5,,0,1,PRSC710,Sevastopol,,塞瓦斯托波尔,,Sevastopol,Sevastopol,Sevastopol,Севастополь
3762173936,0,8,4,1,,1,0,PASD508,Kidd,,基德,,Kidd,Kidd,Kidd,Kidd
4293867216,0,3,2,2,,0,0,PJSB001,Kawachi_1912,,河内,,Kawachi,Kawachi,河内,Kawachi
4288624624,0,5,2,1,,0,0,PASB006,New_York_1934,,纽约,,New York,New York,New York,New York
4074649424,0,10,4,6,,0,1,PFSD210,Marceau,,玛索,,Marceau,Marceau,Marceau,Marceau
3655218960,0,10,4,10,,0,1,PHSD610,Tromp,,特龙普,,Tromp,Tromp,Tromp,Tromp
4180555728,0,9,4,4,,0,0,PBSD109,Jutland,,日德兰,,Jutland,Jutland,Jutland,Jutland
3767482320,0,3,2,4,,1,0,PBSB503,Dreadnought,,无畏,,Dreadnought,Dreadnought,Dreadnought,Dreadnought
3762272208,0,8,1,4,,1,0,PBSA508,Indomitable,,不挠,,Indomitable,Indomitable,Indomitable,Indomitable
4079957808,0,5,2,3,,0,0,PGSB205,Derfflinger,,德弗林格尔,,Derfflinger,Derfflinger,Derfflinger,Derfflinger
4183700688,0,6,4,8,,0,0,PZSD106,Fu_Shun,,抚顺,,Fushun,Fushun,Fushun,Fushun
4178490576,0,11,3,8,,0,0,PZSC111,Xi_An,,西安,,Xi'an,Xi'an,Xi'an,Xi'an
4076255216,0,8,5,1,,0,0,PASS208,Salmon,,鲑鱼,,Salmon,Salmon,Salmon,Salmon
3759585264,0,10,5,1,,0,1,PASS510,Gato,,猫鲨,,Gato,Gato,Gato,Gato
4188976592,0,1,3,5,,0,0,PRSC101,Orlan,,海雕,,Orlan,Orlan,Orlan,Орлан
4183766480,0,6,2,5,,0,0,PRSB106,Izmail,,伊兹梅尔,,Izmail,Izmail,Izmail,Измаил
3667801808,0,8,4,2,,1,0,PJSD598,Black_Asashio,,朝潮 B,,Asashio B,Asashio B,朝潮 B,Asashio B
4266538992,0,3,4,1,,0,0,PASD027,Wickes_1918,,维克斯,,Wickes,Wickes,Wickes,Wickes
3751720912,0,8,3,4,,1,0,PBSC518,Tiger_1959,,虎 59,,Tiger '59,Tiger '59,Tiger '59,Tiger '59
4183799792,0,6,1,1,,0,0,PASA106,Ranger,,突击者,,Ranger,Ranger,Ranger,Ranger
3761157904,0,9,3,10,,1,0,PHSC509,Van_Speijk,,范·斯佩克,,Van Speijk,Van Speijk,Van Speijk,Van Speijk
3763287888,0,7,2,6,,1,0,PFSB507,Strasbourg,,斯特拉斯堡,,Strasbourg,Strasbourg,Strasbourg,Strasbourg
4075730896,0,9,3,4,,0,0,PBSC209,Drake,,德雷克,,Drake,Drake,Drake,Drake
3542005552,0,8,3,3,,1,0,PGSC718,Warhammer_Blacktemplar,,多恩十字,,Cross of Dorn,Cross of Dorn,Cross of Dorn,Cross of Dorn
3655218992,0,10,4,3,,0,1,PGSD610,Z_42,,Z-42,,Z-42,Z-42,Z-42,Z-42
4186879792,0,3,3,3,,0,0,PGSC103,Kolberg,,科尔贝格,,Kolberg,Kolberg,Kolberg,Kolberg
4181669680,0,8,2,3,,0,0,PGSB108,Bismarck,,俾斯麦,,Bismarck,Bismarck,Bismarck,Bismarck
4184782160,0,5,3,12,,0,0,PVSC105,La_Argentina,,阿根廷,,La Argentina,La Argentina,La Argentina,La Argentina
3753817552,0,6,3,5,,1,0,PRSC516,Kerch,,刻赤,,Kerch,Kerch,Kerch,Керчь
4283381456,0,2,2,2,,1,0,PJSB011,Mikasa_1905,,三笠,,Mikasa,Mikasa,三笠,Mikasa
3764303568,0,6,3,2,,1,0,PJSC506,Oyodo,,大淀,,Ōyodo,Ōyodo,Ōyodo,Ōyodo
4185864016,0,4,2,6,,0,0,PFSB104,Courbet,,孤拔,,Courbet,Courbet,Courbet,Courbet
4290721776,0,4,2,1,,0,0,PASB004,Arkansas_1912,,怀俄明,,Wyoming,Wyoming,Wyoming,Wyoming
3763287408,0,7,2,11,,1,0,PUSB507,Yukon,,育空,,Yukon,Yukon,Yukon,Yukon
4288657392,1,6,1,1,,0,1,PASA006,Independence_1945,,独立（旧）,,Independence (old),Independence (< 23.01.2019),Independence (old),Independence (old)
4182652880,0,7,4,4,,0,0,PBSD107,Jervis,,杰维斯,,Jervis,Jervis,Jervis,Jervis
4178490832,0,11,3,5,,0,0,PRSC111,Novosibirsk,,新西伯利亚,,Novosibirsk,Novosibirsk,Novosibirsk,Новосибирск
3761681616,0,8,5,8,,1,0,PZSS508,Pasopati,,帕索帕提,,Pasopati,Pasopati,Pasopati,Pasopati
3751720752,0,8,3,3,,1,0,PGSC518,Mainz,,美因茨,,Mainz,Mainz,Mainz,Mainz
4082054960,0,3,2,3,,0,0,PGSB203,Von_der_Tann,,冯·德·坦恩,,Von der Tann,Von der Tann,Von der Tann,Von der Tann
4185797840,0,4,4,8,,0,0,PZSD104,Shen_Yang,,沈阳,,Shenyang,Shenyang,Shenyang,Shenyang
4180587728,0,9,3,8,,0,0,PZSC109,Sejong,,世宗,,Sejong,Sejong,Sejong,Sejong
4079891920,0,5,4,5,,0,0,PRSD205,Podvoisky_pr_1929,,巴铎夫斯基,,Podvoisky,Podvoisky,Podvoisky,Подвойский
4076811984,0,8,2,2,,0,0,PJSB208,Yumihari,,弓张,,Yumihari,Yumihari,弓張,Yumihari
3743364816,0,6,2,2,,1,0,PJSB526,Ise,,伊势,,Ise,Ise,伊勢,Ise
4185863632,0,4,2,5,,0,0,PRSB104,Gangut,,甘古特,,Gangut,Gangut,Gangut,Гангут
4180621040,0,9,2,7,,0,0,PISB109,Lepanto,,勒班陀,,Lepanto,Lepanto,Lepanto,Lepanto
4186879312,0,3,3,12,,0,0,PVSC103,Vicente_Guerrero,,比森特·格雷罗,,V. Guerrero,Vicente Guerrero,V. Guerrero,V. Guerrero
3669898960,0,6,4,2,,1,0,PJSD596,Black_Shinonome,,东云 B,,Shinonome B,Shinonome B,東雲 B,Shinonome B
3763255280,0,7,3,1,,1,0,PASC507,Indianapolis_1945,,印第安纳波利斯,,Indianapolis,Indianapolis,Indianapolis,Indianapolis
4077828048,0,7,3,4,,0,0,PBSC207,Surrey,,萨里,,Surrey,Surrey,Surrey,Surrey
4183766832,0,6,2,3,,0,0,PGSB106,Bayern,,巴伐利亚,,Bayern,Bayern,Bayern,Bayern
3741234640,0,8,3,5,,1,0,PRSC528,Ochakov,,奥恰科夫,,Ochakov,Ochakov,Ochakov,Очаков
4074681808,0,10,3,5,,0,0,PRSC210,Pr_84_Alexander_Nevsky,,亚历山大·涅夫斯基,,A. Nevsky,Alexander Nevsky,A. Nevsky,А. Невский
4292785616,0,2,3,5,,1,0,PRSC002,Diana_1905,,狄安娜,,Diana,Diana,Diana,Диана
3750704592,0,9,2,5,,1,0,PRSB519,Perm_Velikaya,,大彼尔姆,,Пермь Великая,Пермь Великая,Пермь Великая,Пермь Великая
4183734256,0,6,3,1,,0,0,PASC106,Pensacola_1944,,彭萨科拉,,Pensacola,Pensacola,Pensacola,Pensacola
3761158128,0,9,3,1,,1,0,PASC509,Vallejo,,瓦列霍,,Vallejo,Vallejo,Vallejo,Vallejo
4292851408,1,4,1,2,,0,1,PJSA002,Hosho_1939,,凤翔（旧）,,Hōshō (old),Hōshō (< 23.01.2019),鳳翔 (old),Hōshō (old)
4183701456,0,6,4,4,,0,0,PBSD106,Icarus,,伊卡洛斯,,Icarus,Icarus,Icarus,Icarus
4184750032,0,5,4,4,,0,0,PBSD105,Acasta,,阿卡斯塔,,Acasta,Acasta,Acasta,Acasta
3709777872,0,8,3,4,,0,1,PBSC558,AZUR_Cheshire,, ,,AL Cheshire,AL Cheshire,AL Cheshire,AL Cheshire
3753817904,0,6,3,3,,1,0,PGSC516,Leipzig,,莱比锡,,Leipzig,Leipzig,Leipzig,Leipzig
4187894992,0,2,4,8,,0,0,PZSD102,Long_Jiang,,龙江,,Longjiang,Longjiang,Longjiang,Longjiang
4182684880,0,7,3,8,,0,0,PZSC107,Chumphon,,春蓬,,Chumphon,Chumphon,Chumphon,Chumphon
4184815056,0,5,2,5,,0,0,PRSB105,Pyotr_Velikiy,,彼得大帝,,Pyotr Velikiy,Pyotr Velikiy,Pyotr Velikiy,Пётр Великий
4187928304,0,2,3,7,,0,0,PISC102,Nino_Bixio,,尼诺·比西奥,,Nino Bixio,Nino Bixio,Nino Bixio,Nino Bixio
4182718192,0,7,2,7,,0,0,PISB107,Francesco_Caracciolo,,弗朗切斯科·卡拉乔洛,,F. Caracciolo,Francesco Caracciolo,F. Caracciolo,F. Caracciolo
4074649296,0,10,4,2,,0,0,PJSD210,Harugumo,,春云,,Harugumo,Harugumo,春雲,Harugumo
3532568272,0,7,3,2,,1,0,PJSC727,Blue_Dragon,,东方神龙,,E. Dragon,Eastern Dragon,E. Dragon,E. Dragon
4285511376,1,6,1,2,,0,1,PJSA009,Ryujo_1933,,龙骧（旧）,,Ryūjō (old),Ryūjō (< 23.01.2019),龍驤 (old),Ryūjō (old)
4185798608,0,4,4,4,,0,0,PBSD104,Wakeful,,清醒,,Wakeful,Wakeful,Wakeful,Wakeful
4180555600,0,9,4,6,,0,0,PFSD109,Mogador,,莫加多尔,,Mogador,Mogador,Mogador,Mogador
4079925200,0,5,3,4,,0,0,PBSC205,Hawkins,,霍金斯,,Hawkins,Hawkins,Hawkins,Hawkins
4074715088,0,10,2,4,,0,0,PBSB210,St_Vincent,,圣文森特,,St. Vincent,St. Vincent,St. Vincent,St. Vincent
4185863984,0,4,2,3,,0,0,PGSB104,Kaiser,,凯撒,,Kaiser,Kaiser,Kaiser,Kaiser
4276008656,0,8,3,2,,1,0,PJSC018,Tone,,利根,,Tone,Tone,利根,Tone
4185798384,0,4,4,7,,0,0,PISD104,Turbine,,旋风,,Turbine,Turbine,Turbine,Turbine
4181702096,0,8,1,5,,0,0,PRSA108,Pobeda,,胜利,,Pobeda,Pobeda,Pobeda,Победа
3760141744,0,10,2,13,,0,1,PSSB510,Conquistador,,西班牙征服者,,Conquistador,Conquistador,Conquistador,Conquistador
4188976464,0,1,3,12,,0,0,PVSC101,Hercules,,赫丘利,,Hércules,Hércules,Hércules,Hércules
3763221968,0,7,4,5,,1,0,PRSD507,Leningrad_1944,,列宁格勒,,Leningrad,Leningrad,Leningrad,Ленинград
3752769264,0,7,3,7,,1,0,PISC517,Francesco_Ferruccio,,弗朗切斯科·费鲁乔,,F. Ferruccio,Francesco Ferruccio,F. Ferruccio,F. Ferruccio
4075697456,0,9,4,9,,0,0,PWSD209,Lambros_Katsonis,,兰布罗斯·卡措尼斯,,L. Katsonis,Lambros Katsonis,L. Katsonis,L. Katsonis
3750704848,0,9,2,2,,1,0,PJSB519,Hizen,,肥前,,Hizen,Hizen,肥前,Hizen
3768465392,0,2,4,1,,1,0,PASD502,Smith,,史密斯,,Smith,Smith,Smith,Smith
3763287760,0,7,2,2,,1,0,PJSB507,Ashitaka,,爱鹰,,Ashitaka,Ashitaka,愛鷹,Ashitaka
4180588496,0,9,3,4,,0,0,PBSC109,Neptune,,涅普顿,,Neptune,Neptune,Neptune,Neptune
4182685424,0,7,3,7,,0,0,PISC107,Zara,,扎拉,,Zara,Zara,Zara,Zara
4075730768,0,9,3,6,,0,0,PFSC209,Brest,,布雷斯特,,Brest,Brest,Brest,Brest
4186847184,0,3,4,4,,0,0,PBSD103,Valkyrie,,女武神,,Valkyrie,Valkyrie,Valkyrie,Valkyrie
4181637072,0,8,3,4,,0,0,PBSC108,Edinburgh,,爱丁堡,,Edinburgh,Edinburgh,Edinburgh,Edinburgh
3554588464,0,6,3,3,,1,0,PGSC706,HSF_Graf_Spee,,HSF 施佩伯爵,,HSF Graf Spee,HSF Admiral Graf Spee,HSF Graf Spee,HSF Graf Spee
4184782032,0,5,3,8,,0,0,PZSC105,Chung_King,,重庆,,Chungking,Chungking,Chungking,Chungking
3741267408,0,8,2,5,,1,0,PRSB528,Borodino,,博罗季诺,,Borodino,Borodino,Borodino,Бородино
3864933840,0,10,4,5,,0,0,PRSD410,Delny,,干练,,Delny,Delny,Delny,Дельный
3720295888,0,8,2,5,,1,0,PRSB548,Frunze,,伏龙芝,,Фрунзе,Фрунзе,Фрунзе,Фрунзе
4184815344,0,5,2,7,,0,0,PISB105,Conte_di_Cavour,,加富尔伯爵,,Cavour,Conte di Cavour,Cavour,Cavour
3765384944,0,5,2,7,,1,0,PISB505,Giulio_Cesare,,尤里乌斯·恺撒,,Giulio Cesare,Giulio Cesare,Giulio Cesare,Giulio Cesare
3741202128,0,8,4,2,,1,0,PJSD528,Harekaze_2,,HSF 晴风 II,,HSF Harekaze II,HSF Harekaze II,HSF 晴風 II,HSF Harekaze II
4272830448,0,9,4,1,,0,0,PASD021,Fletcher_1943,,弗莱彻,,Fletcher,Fletcher,Fletcher,Fletcher
3730749424,0,8,3,1,,1,0,PASC538,Rochester,,罗彻斯特,,Rochester,Rochester,Rochester,Rochester
4181669840,0,8,2,4,,0,0,PBSB108,Monarch,,君主,,Monarch,Monarch,Monarch,Monarch
3762271696,0,8,1,5,,1,0,PRSA508,Chkalov,,契卡洛夫,,Chkalov,Chkalov,Chkalov,Чкалов
4076779312,0,8,3,3,,0,0,PGSC208,Hertha,,赫塔,,Hertha,Hertha,Hertha,Hertha
4179015120,0,10,5,5,,0,0,PRSS110,K_type,,K-1,,K-1,K-1,K-1,К-1
4177966896,0,11,5,3,,0,0,PGSS111,U_796,,U-796,,U-796,U-796,U-796,U-796
3741267760,0,8,2,3,,1,0,PGSB528,Anhalt,,安哈尔特,,Anhalt,Anhalt,Anhalt,Anhalt
4183209936,0,6,5,4,,0,0,PBSS106,Undine,,温蒂妮,,Undine,Undine,Undine,Undine
4181604048,0,8,4,2,,0,0,PJSD108,Akizuki,,秋月,,Akizuki,Akizuki,秋月,Akizuki
3752802000,0,7,2,2,,1,0,PJSB517,Hyuga,,日向,,Hyūga,Hyūga,日向,Hyūga
4187895536,0,2,4,7,,0,0,PISD102,Curtatone,,库尔塔托内,,Curtatone,Curtatone,Curtatone,Curtatone
3765319120,0,5,4,5,,1,0,PRSD505,Okhotnik_1917,,猎人,,Okhotnik,Okhotnik,Okhotnik,Охотник
3760109008,0,10,3,5,,0,1,PRSC510,Stalingrad,,斯大林格勒,,Stalingrad,Stalingrad,Stalingrad,Сталинград
4077794608,0,7,4,9,,0,0,PWSD207,Grom,,雷霆,,Grom,Grom,Grom,Grom
4287542992,0,6,3,2,,0,0,PJSC007,Aoba_1943,,青叶,,Aoba,Aoba,青葉,Aoba
4178458320,0,11,4,2,,0,0,PJSD111,Yamagiri,,山雾,,Yamagiri,Yamagiri,山霧,Yamagiri
3765352432,0,5,3,1,,0,1,PASC505,Rattlehead,,受害骷髅,,Rattlehead,Rattlehead,Rattlehead,Rattlehead
3760174800,0,10,1,2,,0,1,PJSA510,Shinano,,信浓,,Shinano,Shinano,信濃,Shinano
3669964624,0,6,2,6,,1,0,PFSB596,Black_Dunkerque,,敦刻尔克 B,,Dunkerque B,Dunkerque B,Dunkerque B,Dunkerque B
3445536720,0,10,3,4,,0,1,PBSC810,Defence,,防卫,,Defence,Defence,Defence,Defence
4178524112,0,11,2,4,,0,0,PBSB111,Devastation,,毁灭,,Devastation,Devastation,Devastation,Devastation
3752802096,0,7,2,3,,0,1,PGSB517,AZUR_Prinz_Heinrich,, ,,AL P. Heinrich,AL Prinz Heinrich,AL P. Heinrich,AL P. Heinrich
4181669072,0,8,2,8,,0,0,PZSB108,Hanoi,,河内,,Hanoi,Hanoi,Hanoi,Hanoi
4179506480,0,10,4,9,,0,0,PWSD110,Halland,,哈兰,,Halland,Halland,Halland,Halland
3541972688,0,8,4,2,,1,0,PJSD718,AZUR_Yukikaze,,AL 雪风,,AL Yukikaze,AL Yukikaze,AL 雪風,AL Yukikaze
4274927600,0,4,4,1,,0,0,PASD019,Clemson_1920,,克莱姆森,,Clemson,Clemson,Clemson,Clemson
4269717488,0,4,3,1,,0,0,PASC024,Phoenix_1917,,凤凰城,,Phoenix,Phoenix,Phoenix,Phoenix
4184749904,0,5,4,6,,0,0,PFSD105,Jaguar,,美洲豹,,Jaguar,Jaguar,Jaguar,Jaguar
3542005456,0,8,3,2,,1,0,PJSC718,ARP_Maya,,ARP 摩耶,,ARP Maya,ARP Maya,ARP 摩耶,ARP Maya
4181112272,0,8,5,5,,0,0,PRSS108,L20,,L-20,,L-20,L-20,L-20,Л-20
3445569328,0,10,2,3,,0,1,PGSB810,Colorful_Schlieffen,,施里芬 CLR,,Schlieffen CLR,Schlieffen CLR,Schlieffen CLR,Schlieffen CLR
3730716464,0,8,4,3,,1,0,PGSD538,Z_32,,Z-32,,Z-32,Z-32,Z-32,Z-32
3720296240,0,8,2,3,,1,0,PGSB548,Black_Odin,,奥丁 B,,Odin B,Odin B,Odin B,Odin B
4180620496,0,9,2,8,,0,0,PZSB109,Dongfeng,,东风,,Dongfeng,Dongfeng,Dongfeng,Dongfeng
3767416176,0,3,4,11,,1,0,PUSD503,Vampire,,吸血鬼,,Vampire,Vampire,Vampire,Vampire
3762206160,0,8,3,5,,1,0,PRSC508,Kutuzov_1952,,库图佐夫,,Kutuzov,Mikhail Kutuzov,Kutuzov,Кутузов
4293866960,0,4,2,5,,1,0,PRSB001,Nikolay_I,,沙皇尼古拉一世,,Nikolai I,Imperator Nikolai I,Nikolai I,Николай I
4079891760,0,5,4,9,,0,0,PWSD205,Muavenet,,支援,,Muavenet,Muavenet,Muavenet,Muavenet
4179015472,1,10,5,3,,0,1,PGSS110,U_2501,,U-2501 (old),,U-2501 (old),U-2501 (< 04.10.2022),U-2501 (old),U-2501 (old)
4184749808,0,5,4,7,,0,0,PISD105,Maestrale,,西北风,,Maestrale,Maestrale,Maestrale,Maestrale
4181636304,0,8,3,8,,0,0,PZSC108,Harbin,,哈尔滨,,Harbin,Harbin,Harbin,Harbin
3762239472,0,8,2,1,,1,0,PASB508,Alabama,,阿拉巴马,,Alabama,Alabama,Alabama,Alabama
4185831376,0,4,3,4,,0,0,PBSC104,Danae,,达娜厄,,Danae,Danae,Danae,Danae
4180621264,0,9,2,4,,0,0,PBSB109,Lion,,狮,,Lion,Lion,Lion,Lion
4291770064,0,4,2,2,,0,0,PJSB003,Myogi_1912,,妙义,,Myōgi,Myōgi,妙義,Myōgi
4188976336,0,1,3,8,,0,0,PZSC101,Cheng_An,,成安,,Chengan,Chengan,Chengan,Chengan
4183766224,0,6,2,8,,0,0,PZSB106,Chakri,,差克里,,Chakri,Chakri,Chakri,Chakri
4076778960,0,8,3,5,,0,0,PRSC208,Tallin,,塔林,,Tallinn,Tallinn,Tallinn,Таллин
4178491376,0,11,3,1,,0,0,PASC111,Annapolis,,安纳波利斯,,Annapolis,Annapolis,Annapolis,Annapolis
4181603632,0,8,4,9,,0,0,PWSD108,Oland,,厄兰,,Öland,Öland,Öland,Öland
3344905936,0,6,2,2,,0,1,PJSB906,Ise_TEST1,,伊势 2,,Ise 2,Ise 2,伊勢 2,Ise 2
4069438928,0,5,3,5,,0,0,PRSC215,Kotovsky,,科托夫斯基,,Kotovsky,Kotovsky,Kotovsky,Котовский
4180587856,0,9,3,12,,0,0,PVSC109,Santander,,桑坦德,,Santander,Santander,Santander,Santander
4179539696,0,10,3,7,,0,0,PISC110,Venezia,,威尼斯,,Venezia,Venezia,Venezia,Venezia
4075698160,0,9,4,1,,0,0,PASD209,Maffitt,,马菲特,,Maffitt,Maffitt,Maffitt,Maffitt
3729733616,0,9,2,1,,1,0,PASB539,Illinois,,伊利诺伊,,Illinois,Illinois,Illinois,Illinois
4186847056,0,3,4,6,,0,0,PFSD103,Fusilier,,燧发枪兵,,Fusilier,Fusilier,Fusilier,Fusilier
4181636944,0,8,3,6,,0,0,PFSC108,Charles_Martel,,查理·马特,,Charles Martel,Charles Martel,Charles Martel,Charles Martel
4183209424,0,6,5,5,,0,0,PRSS106,S_1,,S-1,,S-1,S-1,S-1,С-1
4081006544,0,4,2,4,,0,0,PBSB204,Queen_Mary,,玛丽王后,,Queen Mary,Queen Mary,Queen Mary,Queen Mary
3655284528,0,10,2,3,,0,1,PGSB610,Mecklenburg,,梅克伦堡,,Mecklenburg,Mecklenburg,Mecklenburg,Mecklenburg
4187927888,0,2,3,12,,0,0,PVSC102,Almirante_Barroso,,巴罗索海军上将,,Alm. Barroso,Almirante Barroso,Alm. Barroso,Alm. Barroso
3551442640,0,7,3,2,,1,0,PJSC709,Haguro,,ARP 羽黑,,ARP Haguro,ARP Haguro,ARP 羽黒,ARP Haguro
4182652208,0,7,4,9,,0,0,PWSD107,Skane,,斯科讷,,Skåne,Skåne,Skåne,Skåne
3764303312,0,6,3,5,,1,0,PRSC506,Molotov_1943,,莫洛托夫,,Molotov,Molotov,Molotov,Молотов
3552524016,0,8,2,7,,1,0,PISB708,AZUR_Littorio,,AL 利托里奥,,AL Littorio,AL Littorio,AL Littorio,AL Littorio
4181112624,0,8,5,3,,0,1,PGSS108,U190,,U-190 (old),,U-190 (old),U-190 (< 04.10.2022),U-190 (old),U-190 (old)
4290688720,0,4,3,2,,1,0,PJSC004,Yubari_1944,,夕张,,Yūbari,Yūbari,夕張,Yūbari
3762238800,0,8,2,12,,1,0,PVSB508,Atlantico,,大西洋,,Atlântico,Atlântico,Atlântico,Atlântico
4182652624,0,7,4,2,,0,0,PJSD107,Akatsuki,,晓,,Akatsuki,Akatsuki,暁,Akatsuki
4181604176,0,8,4,6,,0,0,PFSD108,Le_Fantasque,,空想,,Le Fantasque,Le Fantasque,Le Fantasque,Le Fantasque
3764336624,0,6,2,1,,1,0,PASB506,Arizona_1941,,亚利桑那,,Arizona,Arizona,Arizona,Arizona
3741267792,0,8,2,6,,1,0,PFSB528,Champagne,,香槟,,Champagne,Champagne,Champagne,Champagne
4187928528,0,2,3,4,,0,0,PBSC102,Weymouth,,韦茅斯,,Weymouth,Weymouth,Weymouth,Weymouth
4182718416,0,7,2,4,,0,0,PBSB107,King_George_V,,英王乔治五世,,King George V,King George V,King George V,King George V
3762206512,0,8,3,3,,1,0,PGSC508,Prinz_Eugen,,欧根亲王,,Prinz Eugen,Prinz Eugen,Prinz Eugen,Prinz Eugen
3760142320,0,10,2,1,,0,1,PASB510,Ohio,,俄亥俄,,Ohio,Ohio,Ohio,Ohio
3751786288,0,8,1,3,,1,0,PGSA518,Graf_Zeppelin,,齐柏林伯爵,,Graf Zeppelin,Graf Zeppelin,Graf Zeppelin,Graf Zeppelin
4182652752,0,7,4,6,,0,0,PFSD107,Vauquelin,,沃克兰,,Vauquelin,Vauquelin,Vauquelin,Vauquelin
4074648880,0,10,4,9,,0,0,PWSD210,Gdansk,,格但斯克,,Gdańsk,Gdańsk,Gdańsk,Gdańsk
4181636848,0,8,3,7,,0,0,PISC108,Amalfi,,阿马尔菲,,Amalfi,Amalfi,Amalfi,Amalfi
3750639600,0,9,4,1,,1,0,PASD519,Halford,,哈尔福德,,Halford,Halford,Halford,Halford
4183700784,0,6,4,9,,0,0,PWSD106,Vasteras,,韦斯特罗斯,,Västerås,Västerås,Västerås,Västerås
4284364496,1,9,4,2,,0,1,PJSD010,Kagero_1943,,阳炎 (old),,Kagerō (old),Kagerō (< 01.12.2016),陽炎 (old),Kagerō (old)
4279154384,0,3,3,2,,0,0,PJSC015,Tatsuta_1919,,天龙,,Tenryū,Tenryū,天龍,Tenryū
4273911792,0,10,3,1,,0,0,PASC020,Des_Moines_1948,,得梅因,,Des Moines,Des Moines,Des Moines,Des Moines
3530504176,0,9,2,1,,1,0,PASB729,Georgia,,佐治亚,,Georgia,Georgia,Georgia,Georgia
4183734096,0,6,3,6,,0,0,PFSC106,La_Galissonniere,,拉·加利索尼埃,,La Galissonnière,La Galissonnière,La Galissonnière,La Galissonnière
4178523984,0,11,2,6,,0,0,PFSB111,Patrie,,祖国,,Patrie,Patrie,Patrie,Patrie
4182685520,0,7,3,6,,0,0,PFSC107,Algerie,,阿尔及利亚,,Algérie,Algérie,Algérie,Algérie
4184782256,0,5,3,13,,0,0,PSSC105,Galicia,,加利西亚,,Galicia,Galicia,Galicia,Galicia
4076779344,0,8,3,6,,0,0,PFSC208,Cherbourg,,瑟堡,,Cherbourg,Cherbourg,Cherbourg,Cherbourg
4078843184,0,6,4,9,,0,0,PWSD206,Stord,,斯图尔,,Stord,Stord,Stord,Stord
3764270416,0,6,4,12,,1,0,PVSD506,Jurua,,茹鲁阿,,Juruá,Juruá,Juruá,Juruá
3750704336,0,9,2,8,,1,0,PZSB519,Alsace_Wujing,,悟净,,Wujing,Wujing,Wujing,Wujing
3699291600,0,7,3,5,,1,0,PRSC568,Black_Lazo,,拉佐 B,,Lazo B,Lazo B,Lazo B,Лазо B
3761190352,0,9,2,5,,1,0,PRSB509,Navarin,,纳瓦林,,Navarin,Navarin,Navarin,Наварин
4183209776,1,6,5,3,,0,1,PGSS106,U_69,,U-69 (old),,U-69 (old),U-69 (< 04.10.2022),U-69 (old),U-69 (old)
3550427120,0,10,2,1,,0,1,PASB710,New_Hampshire,,新罕布什尔,,New Hampshire,New Hampshire,New Hampshire,New Hampshire
4179605296,0,10,1,3,,0,0,PGSA110,Manfred_Richthofen,,M.里希特霍芬,,M. Richthofen,Manfred von Richthofen,M. Richthofen,M. Richthofen
4076746544,0,8,4,3,,0,0,PGSD208,Gustav_Julius_Maerker,,G.J.梅克尔,,G. J. Maerker,Gustav-Julius Maerker,G. J. Maerker,G. J. Maerker
4079924944,0,5,3,2,,0,0,PJSC205,Agano,,阿贺野,,Agano,Agano,阿賀野,Agano
3720263632,0,8,3,4,,1,0,PBSC548,Nottingham,,诺丁汉,,Nottingham,Nottingham,Nottingham,Nottingham
4184815568,0,5,2,4,,0,0,PBSB105,Iron_Duke,,铁公爵,,Iron Duke,Iron Duke,Iron Duke,Iron Duke
3764303664,0,6,3,3,,1,0,PGSC506,Admiral_Graf_Spee,,施佩伯爵,,Graf Spee,Admiral Graf Spee,Graf Spee,Graf Spee
4075763152,0,9,2,5,,0,0,PRSB209,Admiral_Kornilov,,科尔尼洛夫,,Admiral Kornilov,Admiral Kornilov,Admiral Kornilov,Корнилов
3752736208,0,7,4,5,,1,0,PRSD517,Tashkent_1939,,塔什干 39,,Tashkent '39,Tashkent '39,Tashkent '39,Ташкент '39
3760108912,0,10,3,11,,0,1,PUSC510,Brisbane,,布里斯班,,Brisbane,Brisbane,Brisbane,Brisbane
4182685456,0,7,3,10,,0,0,PHSC107,Eendracht,,团结,,Eendracht,Eendracht,Eendracht,Eendracht
4074649040,0,10,4,5,,0,0,PRSD210,Grozovoy_pr_40N,,雷暴,,Grozovoi,Grozovoi,Grozovoi,Грозовой
4281284304,0,8,2,2,,0,0,PJSB013,Amagi_1942,,天城,,Amagi,Amagi,天城,Amagi
4185797936,0,4,4,9,,0,0,PWSD104,Klas_Horn,,克拉斯·霍恩,,Klas Horn,Klas Horn,Klas Horn,Klas Horn
3764336464,0,6,2,6,,1,0,PFSB506,Dunkerque_1940,,敦刻尔克,,Dunkerque,Dunkerque,Dunkerque,Dunkerque
4281251536,0,4,3,2,,0,0,PJSC013,Kuma_1938,,球磨,,Kuma,Kuma,球磨,Kuma
4074714832,0,10,2,2,,0,0,PJSB210,Bungo,,丰后,,Bungo,Bungo,豊後,Bungo
3666819056,0,9,2,1,,1,0,PASB599,Black_Kearsarge,,奇尔沙治 B,,Kearsarge B,Kearsarge B,Kearsarge B,Kearsarge B
4185831248,0,4,3,6,,0,0,PFSC104,Duguay_Trouin,,迪盖·特鲁安,,Duguay-Trouin,Duguay-Trouin,Duguay-Trouin,Duguay-Trouin
4180621136,0,9,2,6,,0,0,PFSB109,Alsace,,阿尔萨斯,,Alsace,Alsace,Alsace,Alsace
3760076752,0,10,4,4,,0,1,PBSD510,Druid,,德鲁伊,,Druid,Druid,Druid,Druid
3749656528,0,10,2,4,,0,1,PBSB520,Zeus,,宙斯,,Zeus,Zeus,Zeus,Zeus
3764369232,0,6,1,6,,1,0,PFSA506,Bearn,,贝阿恩,,Béarn,Béarn,Béarn,Béarn
4272895696,0,9,2,2,,0,0,PJSB021,Izumo_1938,,出云,,Izumo,Izumo,出雲,Izumo
4178458608,0,11,4,1,,0,0,PASD111,Joshua_Humphreys,,约书亚·汉弗莱斯,,J. Humphreys,Joshua Humphreys,J. Humphreys,J. Humphreys
3969824208,0,10,3,5,,0,0,PRSC310,Petropavlovsk,,彼得罗巴甫洛夫斯克,,Petropavlovsk,Petropavlovsk,Petropavlovsk,Петропавловск
3763255024,0,7,3,7,,1,0,PISC507,Duca_degli_Abruzzi,,阿布鲁齐公爵,,Abruzzi,Duca degli Abruzzi,Abruzzi,Abruzzi
3750638896,0,9,4,9,,1,0,PWSD519,Jager,,猎兵,,Jäger,Jäger,Jäger,Jäger
3764270864,0,6,4,10,,1,0,PHSD506,Kortenaer,,科顿艾尔,,Kortenaer,Kortenaer,Kortenaer,Kortenaer
4186879408,0,3,3,13,,0,0,PSSC103,Navarra,,纳瓦拉,,Navarra,Navarra,Navarra,Navarra
3752769520,0,7,3,1,,1,0,PASC517,Chancellorsville,,钱斯勒斯维尔,,Chancellorsville,Chancellorsville,Chancellorsville,Chancellorsville
3763320816,1,7,1,1,,0,1,PASA507,Saipan_1946,,塞班（旧）,,Saipan (old),Saipan (< 23.01.2019),Saipan (old),Saipan (old)
3655251920,0,10,3,4,,0,1,PBSC610,Gibraltar,,直布罗陀,,Gibraltar,Gibraltar,Gibraltar,Gibraltar
4186912720,0,3,2,4,,0,0,PBSB103,Bellerophon,,柏勒罗丰,,Bellerophon,Bellerophon,Bellerophon,Bellerophon
4181702608,0,8,1,4,,0,0,PBSA108,Implacable,,怨仇,,Implacable,Implacable,Implacable,Implacable
4076746448,0,8,4,2,,0,0,PJSD208,Kagero,,阳炎,,Kagerō,Kagerō,陽炎,Kagerō
3656333264,0,9,2,4,,1,0,PBSB609,Scarlet_Thunder,,猩红雷霆,,S. Thunder,Scarlet Thunder,S.Thunder,S. Thunder
3446584752,0,9,3,13,,1,0,PSSC809,Colorful_Andalucia,,安达卢西亚 CLR,,Andalucía CLR,Andalucía CLR,Andalucía CLR,Andalucía CLR
4184782608,0,5,3,10,,0,0,PHSC105,Celebes,,西里伯斯,,Celebes,Celebes,Celebes,Celebes
3752736112,0,7,4,11,,1,0,PUSD517,Huron,,休伦,,Huron,Huron,Huron,Huron
3751753712,0,8,2,1,,1,0,PASB518,Massachusetts,,马萨诸塞,,Massachusetts,Massachusetts,Massachusetts,Massachusetts
3730781648,0,8,2,5,,0,1,PRSB538,V_I_Lenin,,弗拉基米尔·伊里奇·列宁,,V. I. Lenin,V. I. Lenin,V. I. Lenin,В. И. Ленин
4187895088,0,2,4,9,,0,0,PWSD102,Tatra,,塔特拉,,Tátra,Tátra,Tátra,Tátra
3551410160,0,9,4,1,,1,0,PASD709,Black,,布莱克,,Black,Black,Black,Black
4288558800,1,7,4,2,,0,1,PJSD006,Hatsuharu_1945,,初春 (old),,Hatsuharu (old),Hatsuharu (< 01.12.2016),初春 (old),Hatsuharu (old)
4076779504,0,8,3,1,,0,0,PASC208,Cleveland,,克利夫兰,,Cleveland,Cleveland,Cleveland,Cleveland
3730814960,0,8,1,1,,1,0,PASA538,Hornet,,大黄蜂,,Hornet,Hornet,Hornet,Hornet
4187928400,0,2,3,6,,0,0,PFSC102,Jurien,,尤里安,,Jurien,Jurien de la Gravière,Jurien,Jurien
4182718288,0,7,2,6,,0,0,PFSB107,Lyon,,里昂,,Lyon,Lyon,Lyon,Lyon
4074649392,0,10,4,3,,0,0,PGSD210,Elbing,,埃尔宾,,Elbing,Elbing,Elbing,Elbing
4076812240,0,8,2,4,,0,0,PBSB208,Hawke,,霍克,,Hawke,Hawke,Hawke,Hawke
3659445712,0,6,3,5,,1,0,PRSC606,Admiral_Makarov,,马卡洛夫,,Makarov,Admiral Makarov,Makarov,Макаров
4183733680,0,6,3,13,,0,0,PSSC106,Baleares,,巴利阿里,,Baleares,Baleares,Baleares,Baleares
3667867632,0,8,2,1,,1,0,PASB598,Black_Massachusetts,,马萨诸塞 B,,Massachusetts B,Massachusetts B,Massachusetts B,Massachusetts B
3754866128,0,5,3,5,,1,0,PRSC515,Mikoyan,,米高扬,,Mikoyan,Mikoyan,Mikoyan,Микоян
4178458064,0,11,4,5,,0,0,PRSD111,Zorky,,敏锐,,Zorkiy,Zorkiy,Zorkiy,Зоркий
3765384656,0,5,2,5,,1,0,PRSB505,Oktyabrskaya_Revolutsiya,,十月革命,,Okt. Revolutsiya,Oktyabrskaya Revolutsiya,Okt. Revolutsiya,Окт. революция
3760142064,0,10,2,7,,0,1,PISB510,Ruggiero_di_Lauria,,鲁杰罗·迪·劳里亚,,R. Lauria,Ruggiero di Lauria,R. Lauria,R. Lauria
3750672112,0,9,3,7,,1,0,PISC519,Michelangelo,,米开朗基罗,,Michelangelo,Michelangelo,Michelangelo,Michelangelo
3743365072,0,6,2,4,,1,0,PBSB526,Repulse,,反击,,Repulse,Repulse,Repulse,Repulse
4178523856,0,11,2,2,,0,0,PJSB111,Satsuma,,萨摩,,Satsuma,Satsuma,薩摩,Satsuma
3751720144,0,8,3,8,,1,0,PZSC518,Martel_Wukong,,悟空,,Wukong,Wukong,Wukong,Wukong
4179539152,0,10,3,8,,0,0,PZSC110,Jinan,,济南,,Jinan,Jinan,Jinan,Jinan
3768497968,0,2,3,3,,1,0,PGSC502,Emden_1908,,埃姆登,,Emden,Emden,Emden,Emden
3763287856,0,7,2,3,,1,0,PGSB507,Scharnhorst,,沙恩霍斯特,,Scharnhorst,Scharnhorst,Scharnhorst,Scharnhorst
3655283920,0,10,2,8,,0,1,PZSB610,Changzheng,,长征,,Changzheng,Changzheng,Changzheng,Changzheng
4186879760,0,3,3,10,,0,0,PHSC103,Java,,爪哇,,Java,Java,Java,Java
3762173776,0,8,4,6,,1,0,PFSD508,Le_Terrible,,可怖,,Le Terrible,Le Terrible,Le Terrible,Le Terrible
3740153648,0,9,4,3,,1,0,PGSD529,ZF_6,,ZF-6,,ZF-6,ZF-6,ZF-6,ZF-6
4078843344,0,6,4,5,,0,0,PRSD206,Pr_7,,愤怒,,Gnevny,Gnevny,Gnevny,Гневный
3741235184,0,8,3,1,,1,0,PASC528,Congress,,国会,,Congress,Congress,Congress,Congress
3552458448,0,8,4,2,,1,0,PJSD708,HSF_Harekaze,,HSF 晴风,,HSF Harekaze,HSF Harekaze,HSF 晴風,HSF Harekaze
4285445840,0,8,3,2,,0,0,PJSC009,Mogami_1935,,最上,,Mogami,Mogami,最上,Mogami
4078876656,0,6,3,1,,0,0,PASC206,Dallas,,达拉斯,,Dallas,Dallas,Dallas,Dallas
4183766992,0,6,2,4,,0,0,PBSB106,Queen_Elizabeth,,伊丽莎白女王,,Queen Elizabeth,Queen Elizabeth,Queen Elizabeth,Queen Elizabeth
4184815440,0,5,2,6,,0,0,PFSB105,Bretagne,,布列塔尼,,Bretagne,Bretagne,Bretagne,Bretagne
3764271056,0,6,4,4,,1,0,PBSD506,Gallant,,勇敢,,Gallant,Gallant,Gallant,Gallant
3740218576,0,9,2,8,,1,0,PZSB529,Sun_Yat_Sen,,载之,,Sun Yat-Sen,Sun Yat-Sen,Sun Yat-Sen,Sun Yat-Sen
3730782000,0,8,2,3,,1,0,PGSB538,Black_Brandenburg,,勃兰登堡 B,,Brandenburg B,Brandenburg B,Brandenburg B,Brandenburg B
4180588272,0,9,3,7,,0,0,PISC109,Brindisi,,布林迪西,,Brindisi,Brindisi,Brindisi,Brindisi
3762205904,0,8,3,8,,1,0,PZSC508,Irian,,伊里安,,Irian,Irian,Irian,Irian
4177966544,0,11,5,5,,0,0,PRSS111,B_4_Chelyabinsky_Komsomolets,,B-4,,B-4,B-4,B-4,Б-4
3740219088,0,9,2,2,,1,0,PJSB529,Iwami,,石见,,Iwami,Iwami,石見,Iwami
4292785968,0,2,3,3,,0,0,PGSC002,Drezden_1908,,德累斯顿,,Dresden,Dresden,Dresden,Dresden
4180555216,1,7,4,5,,0,1,PRSD109,Pr_48_Kiev,,基辅 (OLD),,Kiev (OLD),Kiev (< 06.03.2017),Kiev (OLD),Киев (OLD)
4180555056,0,9,4,9,,0,0,PWSD109,Ostergotland,,东约特兰,,Östergötland,Östergötland,Östergötland,Östergötland
4292753104,0,2,4,2,,0,0,PJSD002,Umikaze_1925,,海风,,Umikaze,Umikaze,海風,Umikaze
4077795024,0,7,4,2,,0,0,PJSD207,Shiratsuyu,,白露,,Shiratsuyu,Shiratsuyu,白露,Shiratsuyu
3760076144,0,10,4,11,,0,1,PUSD510,Vampire_2,,吸血鬼II,,Vampire II,Vampire II,Vampire II,Vampire II
3667834576,0,8,3,2,,1,0,PJSC598,Black_Atago,,爱宕 B,,Atago B,Atago B,愛宕 B,Atago B
4180588528,0,9,3,1,,0,0,PASC109,Buffalo,,水牛城,,Buffalo,Buffalo,Buffalo,Buffalo
3553540080,0,7,3,1,,1,0,PASC707,Flint,,弗林特,,Flint,Flint,Flint,Flint
3762272048,1,8,1,3,,0,1,PGSA508,Graf_Zeppelin,,齐柏林伯爵（旧）,,Graf Zeppelin (old),Graf Zeppelin (< 23.01.2019),Graf Zeppelin (old),Graf Zeppelin (old)
3721344976,0,7,2,4,,1,0,PBSB547,Renown_1944,,声望44,,Renown '44,Renown '44,Renown '44,Renown '44
3762271440,0,8,1,8,,1,0,PZSA508,Saipan_Sanzang,,三藏,,Sanzang,Sanzang,Sanzang,Sanzang
4188976912,0,1,3,10,,0,0,PHSC101,Van_Kinsbergen,,范·金斯伯根,,Van Kinsbergen,Van Kinsbergen,Van Kinsbergen,Van Kinsbergen
4075730384,0,9,3,5,,0,0,PRSC209,Riga,,里加,,Riga,Riga,Riga,Рига
3764303152,0,6,3,9,,1,0,PWSC506,Elli,,埃利,,Elli,Elli,Elli,Elli
3767449296,0,3,3,2,,1,0,PJSC503,Katori,,香取,,Katori,Katori,香取,Katori
3554555600,0,6,4,2,,1,0,PJSD706,Shinonome,,东云,,Shinonome,Shinonome,東雲,Shinonome
3750672080,0,9,3,2,,1,0,PJSC519,AZUR_Azuma,,AL 吾妻,,AL Azuma,AL Azuma,AL 吾妻,AL Azuma
4282300400,1,7,3,1,,0,1,PASC012,Pensacola_1944,,彭萨科拉（旧）,,Pensacola (old),Pensacola (< 31.05.2018),Pensacola (old),Pensacola (old)
4277122768,1,10,1,2,,0,1,PJSA017,Hakuryu_1942,,白龙（旧）,,Hakuryū (old),Hakuryū (< 23.01.2019),白龍 (old),Hakuryū (old)
3667900400,0,8,1,1,,1,0,PASA598,Black_Saipan,,塞班 B,,Saipan B,Saipan B,Saipan B,Saipan B
4186912592,0,3,2,6,,0,0,PFSB103,Turenne,,杜伦尼,,Turenne,Turenne,Turenne,Turenne
3750672368,0,9,3,1,,1,0,PASC519,Tulsa,,塔尔萨,,Tulsa,Tulsa,Tulsa,Tulsa
3761158096,0,9,3,4,,1,0,PBSC509,Resistance,,抵抗,,Resistance,Resistance,Resistance,Resistance
4292818896,0,6,2,4,,1,0,PBSB002,Warspite_1941,,厌战,,Warspite,Warspite,Warspite,Warspite
3764303056,0,6,3,8,,1,0,PZSC506,Huang_he,,黄河,,Huanghe,Huanghe,Huanghe,Huanghe
4290655952,0,5,4,2,,0,0,PJSD004,Minekadze_1920,,峰风,,Minekaze,Minekaze,峯風,Minekaze
4182652368,0,9,4,5,,0,0,PRSD107,Pr_35_Udaloy,,无畏,,Udaloi,Udaloi,Udaloi,Удалой
3761190192,0,9,2,9,,1,0,PWSB509,Karl_XIV_Johan,,卡尔十四世·约翰,,Karl XIV Johan,Karl XIV Johan,Karl XIV Johan,Karl XIV Johan
3760142032,0,10,2,2,,0,1,PJSB510,Shikishima,,敷岛,,Shikishima,Shikishima,敷島,Shikishima
4179506928,0,10,4,7,,0,0,PISD110,Attilio_Regolo,,阿蒂略·莱戈洛,,A. Regolo,Attilio Regolo,A. Regolo,A. Regolo
4282365648,1,8,1,2,,0,1,PJSA012,Zuikaku_1944,,翔鹤（旧）,,Shōkaku (old),Shōkaku (< 23.01.2019),翔鶴 (old),Shōkaku (old)
4182685680,0,7,3,1,,0,0,PASC107,New_Orlean_1944,,新奥尔良,,New Orleans,New Orleans,New Orleans,New Orleans
4179015632,0,10,5,4,,0,0,PBSS110,Thrasher,,连枷,,Thrasher,Thrasher,Thrasher,Thrasher
4178458416,0,11,4,3,,0,0,PGSD111,Otto_Weddigen,,奥托·韦迪根,,Otto Weddigen,Otto Weddigen,Otto Weddigen,Otto Weddigen
3751753552,0,9,2,6,,1,0,PFSB518,Jean_Bart,,让·巴尔,,Jean Bart,Jean Bart,Jean Bart,Jean Bart
3709744944,0,8,4,3,,1,0,PGSD558,Z_38,,Z-38,,Z-38,Z-38,Z-38,Z-38
4180555568,0,9,4,3,,0,0,PGSD109,Z_46,,Z-46,,Z-46,Z-46,Z-46,Z-46
3767482160,0,3,2,3,,1,0,PGSB503,Koenig_Albert,,阿尔伯特国王,,K. Albert,König Albert,K. Albert,K. Albert
4182652656,0,7,4,7,,0,0,PISD107,Luca_Tarigo,,卢卡·塔里戈,,L. Tarigo,Luca Tarigo,L. Tarigo,L. Tarigo
3767449584,0,3,3,1,,1,0,PASC503,Charleston,,查尔斯顿,,Charleston,Charleston,Charleston,Charleston
4077827792,0,7,3,2,,0,0,PJSC207,Omono,,雄物,,Omono,Omono,雄物,Omono
4247697392,0,5,3,1,,1,0,PASC045,Marblehead_1924_Lima,,马布尔黑德 L,,Marblehead L,Marblehead Lima,Marblehead L,Marblehead L
4075763696,0,9,2,1,,0,0,PASB209,Delaware,,特拉华,,Delaware,Delaware,Delaware,Delaware
4279219920,1,9,1,2,,0,1,PJSA015,Taiho_1944,,大凤（旧）,,Taihō (old),Taihō (< 23.01.2019),大鳳 (old),Taihō (old)
3752769232,0,7,3,2,,1,0,PJSC517,Maya,,摩耶,,Maya,Maya,摩耶,Maya
4289640144,0,5,3,2,,0,0,PJSC005,Furutaka_1926,,古鹰,,Furutaka,Furutaka,古鷹,Furutaka
4284430032,0,7,2,2,,0,0,PJSB010,Nagato_1944,,长门,,Nagato,Nagato,長門,Nagato
3742316528,0,7,2,1,,1,0,PASB527,West_Virginia_1944,,西弗吉尼亚44,,W. Virginia '44,West Virginia '44,W. Virginia '44,W. Virginia '44
3763255248,0,7,3,4,,1,0,PBSC507,Belfast_1959,,贝尔法斯特,,Belfast,Belfast,Belfast,Belfast
4182685488,0,7,3,3,,0,0,PGSC107,Yorck,,约克,,Yorck,Yorck,Yorck,Yorck
3740186416,0,9,3,3,,1,0,PGSC529,Admiral_Schroder,,施罗德,,Schröder,Admiral Schröder,Schröder,Schröder
3667867440,0,8,2,3,,1,0,PGSB598,Black_Tirpitz,,提尔皮茨 B,,Tirpitz B,Tirpitz B,Tirpitz B,Tirpitz B
3446585136,0,9,3,3,,1,0,PGSC809,Colorful_Roon,,罗恩 CLR,,Roon CLR,Roon CLR,Roon CLR,Roon CLR
3761190096,0,9,2,8,,1,0,PZSB509,Izumo_Bajie,,八戒,,Bajie,Bajie,Bajie,Bajie
3765352144,0,5,3,2,,1,0,PJSC505,Yahagi,,矢矧,,Yahagi,Yahagi,矢矧,Yahagi
4184749520,1,5,4,5,,0,1,PRSD105,Pr_7_Gnevny,,愤怒 (OLD),,Gnevny (OLD),Gnevny (< 06.03.2017),Gnevny (OLD),Гневный (OLD)
3709777360,0,8,3,5,,1,0,PRSC558,Dmitry_Pozharsky,,德米特里·波扎尔斯基,,D. Pozharsky,Dmitry Pozharsky,D. Pozharsky,Д. Пожарский
3751687472,0,8,4,9,,1,0,PWSD518,Blyskawica_1963,,闪电63,,Błyskawica '63,Błyskawica '63,Błyskawica '63,Błyskawica '63
4179572720,0,10,2,1,,0,0,PASB110,Vermont,,佛蒙特,,Vermont,Vermont,Vermont,Vermont
3764270928,0,6,4,6,,1,0,PFSD506,Aigle,,鹰,,Aigle,Aigle,Aigle,Aigle
3730749392,0,8,3,4,,1,0,PBSC538,Hampshire,,汉普郡,,Hampshire,Hampshire,Hampshire,Hampshire
3751753520,0,8,2,3,,1,0,PGSB518,Brandenburg,,勃兰登堡,,Brandenburg,Brandenburg,Brandenburg,Brandenburg
4182652720,0,7,4,3,,0,0,PGSD107,Leberecht_Maass,,马斯,,Maass,Leberecht Maass,Maass,Maass
3764369200,0,6,1,3,,1,0,PGSA506,Erich_Loewenhardt,,E.勒文哈尔特,,E. Loewenhardt,Erich Loewenhardt,E. Loewenhardt,E. Loewenhardt
3334420176,0,6,2,2,,0,1,PJSB916,Ise_TEST2,,伊势 3,,Ise 3,Ise 3,伊勢 3,Ise 3
3744380368,0,5,3,5,,1,0,PRSC525,Kirov,,基洛夫,,Kirov,Kirov,Kirov,Киров
4074714576,0,10,2,5,,0,0,PRSB210,Admiral_Lazarev,,拉扎列夫,,Admiral Lazarev,Admiral Lazarev,Admiral Lazarev,Лазарев
4181637104,0,8,3,1,,0,0,PASC108,Baltimore_1944,,巴尔的摩,,Baltimore,Baltimore,Baltimore,Baltimore
3760076496,0,10,4,2,,0,1,PJSD510,Hayate,,疾风,,Hayate,Hayate,疾風,Hayate
3553539792,0,7,3,2,,1,0,PJSC707,Ashigara,,ARP 足柄,,ARP Ashigara,ARP Ashigara,ARP 足柄,ARP Ashigara
4286527184,0,4,2,2,,1,0,PJSB008,Ishizuchi_1921,,石锤,,Ishizuchi,Ishizuchi,石鎚,Ishizuchi
4281284592,0,4,2,1,,1,0,PASB013,Arkansas_1912,,阿肯色 Beta,,Arkansas B,Arkansas Beta,Arkansas B,Arkansas B
3765352400,0,5,3,4,,1,0,PBSC505,Exeter,,埃克塞特,,Exeter,Exeter,Exeter,Exeter
3760142288,0,10,2,4,,0,1,PBSB510,Thunderer,,雷神,,Thunderer,Thunderer,Thunderer,Thunderer
4077827888,0,7,3,3,,0,0,PGSC207,Vineta,,维内塔,,Vineta,Vineta,Vineta,Vineta
3374266064,0,8,2,2,,1,0,PJSB878,Ignis_Purgatio,,圣洁之火,,Ignis Purgatio,Ignis Purgatio,Ignis Purgatio,Ignis Purgatio
4280170480,0,5,4,1,,0,0,PASD014,Leader_1919,,尼古拉斯,,Nicholas,Nicholas,Nicholas,Nicholas
4178491120,0,11,3,7,,0,1,PISC111,Piemonte,,皮埃蒙特,,Piemonte,Piemonte,Piemonte,Piemonte
4078876368,0,6,3,2,,0,0,PJSC206,Gokase,,五濑,,Gokase,Gokase,五ヶ瀬,Gokase
4186846672,0,3,4,5,,0,0,PRSD103,Derzky,,无理,,Derzki,Derzki,Derzki,Дерзкий
4181604080,0,8,4,7,,0,0,PISD108,Vittorio_Cuniberti,,维托里奥·库尼贝尔蒂,,V. Cuniberti,Vittorio Cuniberti,V. Cuniberti,V. Cuniberti
3761124656,0,9,4,9,,1,0,PWSD509,Velos,,箭,,Velos,Velos,Velos,Velos
4183734224,0,6,3,4,,0,0,PBSC106,Leander,,利安得,,Leander,Leander,Leander,Leander
4259231440,0,10,3,2,,0,0,PJSC034,Zao_1944,,藏王,,Zaō,Zaō,蔵王,Zaō
4182685648,0,7,3,4,,0,0,PBSC107,Fiji,,斐济,,Fiji,Fiji,Fiji,Fiji
4181669872,0,8,2,1,,0,0,PASB108,Kansas,,堪萨斯,,Kansas,Kansas,Kansas,Kansas
3766368080,0,5,4,6,,1,0,PFSD504,Siroco,,热风,,Siroco,Siroco,Siroco,Siroco
4184749872,0,5,4,3,,0,0,PGSD105,T_22,,T-22,,T-22,T-22,T-22,T-22
4179539760,0,10,3,3,,0,0,PGSC110,Hindenburg,,兴登堡,,Hindenburg,Hindenburg,Hindenburg,Hindenburg
4078843600,0,6,4,2,,0,0,PJSD206,Hatsuharu,,初春,,Hatsuharu,Hatsuharu,初春,Hatsuharu
3740153840,0,9,4,1,,1,0,PASD529,Black_Black,,布莱克 B,,Black B,Black B,Black B,Black B
4180555504,0,9,4,7,,0,0,PISD109,Adriatico,,亚得里亚,,Adriatico,Adriatico,Adriatico,Adriatico
3746477520,0,3,3,5,,1,0,PRSC523,AZUR_Avrora,,AL 阿芙乐尔,,AL Avrora,AL Avrora,AL Avrora,AL Аврора
4076811728,0,8,2,5,,0,0,PRSB208,Admiral_Istomin,,伊斯托明,,Admiral Istomin,Admiral Istomin,Admiral Istomin,Истомин
4075730640,0,9,3,2,,0,0,PJSC209,Takahashi,,高梁,,Takahashi,Takahashi,高梁,Takahashi
3762206128,0,8,3,13,,1,0,PSSC508,Numancia,,努曼西亚,,Numancia,Numancia,Numancia,Numancia
3555636944,0,7,3,2,,1,0,PJSC705,Myoko,,ARP 妙高,,ARP Myōkō,ARP Myōkō,ARP 妙高,ARP Myōkō
3550394352,0,10,3,1,,0,1,PASC710,Salem,,塞勒姆,,Salem,Salem,Salem,Salem
4283414224,1,7,1,2,,0,1,PJSA011,Hiryu_1942,,飞龙（旧）,,Hiryū (old),Hiryū (< 23.01.2019),飛龍 (old),Hiryū (old)
3741300720,0,8,1,1,,1,0,PASA528,Saipan,,塞班,,Saipan,Saipan,Saipan,Saipan
4076746736,0,8,4,1,,0,0,PASD208,Hogg,,霍格,,Hogg,Hogg,Hogg,Hogg
3762239440,0,8,2,4,,1,0,PBSB508,Vanguard,,前卫,,Vanguard,Vanguard,Vanguard,Vanguard
4074714928,0,10,2,3,,0,0,PGSB210,Schlieffen,,施里芬,,Schlieffen,Schlieffen,Schlieffen,Schlieffen
4178457808,0,11,4,8,,0,0,PZSD111,Kunming,,昆明,,Kunming,Kunming,Kunming,Kunming
4277090288,0,10,2,1,,0,0,PASB017,Montana_1945,,蒙大拿,,Montana,Montana,Montana,Montana
4183733712,0,6,3,5,,0,0,PRSC106,Pr_94_Budeny,,布琼尼,,Budyonny,Budyonny,Budyonny,Будённый
4178523600,0,11,2,5,,0,0,PRSB111,Admiral_Ushakov,,乌沙科夫,,Ushakov,Admiral Ushakov,Ushakov,Ушаков
4078909392,0,6,2,4,,0,0,PBSB206,Renown,,声望,,Renown,Renown,Renown,Renown
4076746032,0,8,4,9,,0,0,PWSD208,Split,,斯普利特,,Split,Split,Split,Split
4183799504,0,6,1,2,,0,0,PJSA106,Ryujo,,龙骧,,Ryūjō,Ryūjō,龍驤,Ryūjō
4178556912,0,11,1,1,,0,0,PASA111,United_States,,合众国,,United States,United States,United States,United States
3763255120,0,7,3,6,,1,0,PFSC507,Toulon,,土伦,,Toulon,Toulon,Toulon,Toulon
4065212112,0,9,4,2,,0,0,PJSD219,Kitakaze,,北风,,Kitakaze,Kitakaze,北風,Kitakaze
4287543280,1,6,3,1,,0,1,PASC007,Cleveland_1945,,克利夫兰（旧）,,Cleveland (old),Cleveland (< 31.05.2018),Cleveland (old),Cleveland (old)
4186847024,0,3,4,3,,0,0,PGSD103,G_101,,G-101,,G-101,G-101,G-101,G-101
4181636912,0,8,3,3,,0,0,PGSC108,Hipper,,希佩尔,,Hipper,Admiral Hipper,Hipper,Hipper
3761157488,0,9,3,11,,1,0,PUSC509,Hector,,赫克托耳,,Hector,Hector,Hector,Hector
3541972176,0,8,4,8,,1,0,PZSD718,Warhammer_Ork,,Ship Smasha,,Ship Smasha,Ship Smasha,Ship Smasha,Ship Smasha
4077795120,0,7,4,3,,0,0,PGSD207,Z_31,,Z-31,,Z-31,Z-31,Z-31,Z-31
4179539280,0,10,3,12,,0,0,PVSC110,San_Martin,,圣马丁,,San Martín,San Martín,San Martín,San Martín
4179539920,0,10,3,4,,0,0,PBSC110,Minotaur,,米诺陶,,Minotaur,Minotaur,Minotaur,Minotaur
4290689008,0,3,3,1,,0,0,PASC004,St_Louis_1906,,圣路易斯,,St. Louis,St. Louis,St. Louis,St. Louis
3551475152,0,9,2,5,,1,0,PRSB709,AZUR_Sov_Russia,,AL 苏维埃罗西亚,,AL Sov. Rossiya,AL Sov. Rossiya,AL Sov. Rossiya,AL Сов. Россия
4259264496,0,6,2,1,,0,0,PASB034,New_Mexico_1941,,新墨西哥,,New Mexico,New Mexico,New Mexico,New Mexico
4181636528,0,8,3,13,,0,0,PSSC108,Cataluna,,加泰罗尼亚,,Cataluña,Cataluña,Cataluña,Cataluña
3762239184,0,8,2,2,,1,0,PJSB508,Kii,,纪伊,,Kii,Kii,紀伊,Kii
3751687984,0,8,4,3,,1,0,PGSD518,Z_35,,Z-35,,Z-35,Z-35,Z-35,Z-35
3730782032,0,8,2,6,,1,0,PFSB538,Flandre,,弗兰德尔,,Flandre,Flandre,Flandre,Flandre
4076812080,0,8,2,3,,0,0,PGSB208,Zieten,,齐滕,,Zieten,Zieten,Zieten,Zieten
4180554960,0,9,4,8,,0,0,PZSD109,Chung_Mu,,忠武,,Chung Mu,Chung Mu,Chung Mu,Chung Mu
3753817936,0,6,3,6,,1,0,PFSC516,Dupleix,,杜布雷,,Dupleix,Dupleix,Dupleix,Dupleix
4075763408,0,9,2,2,,0,0,PJSB209,Adatara,,安达太良,,Adatara,Adatara,安達太良,Adatara
4185830864,0,4,3,5,,0,0,PRSC104,Svetlana,,斯维特拉娜,,Svietlana,Svietlana,Svietlana,Светлана
4180620752,0,9,2,5,,0,0,PRSB109,Sovetsky_Soyuz,,苏联,,Sov. Soyuz,Sovetsky Soyuz,Sov. Soyuz,Сов. Союз
4268635856,0,5,4,2,,1,0,PJSD025,True_Kamikaze,,神风,,Kamikaze,Kamikaze,神風,Kamikaze
4181636560,0,8,3,5,,0,0,PRSC108,Pr_68_Chapaev,,恰巴耶夫,,Chapayev,Chapayev,Chapayev,Чапаев
4185896656,0,4,1,2,,0,0,PJSA104,Hosho,,凤翔,,Hōshō,Hōshō,鳳翔,Hōshō
3555669712,0,5,2,2,,1,0,PJSB705,Kongou,,ARP 金刚,,ARP Kongō,ARP Kongō,ARP 金剛,ARP Kongō
3760142160,0,10,2,6,,0,1,PFSB510,Bourgogne,,勃艮第,,Bourgogne,Bourgogne,Bourgogne,Bourgogne
4179539792,0,10,3,6,,0,0,PFSC110,Henri_IV,,亨利四世,,Henri IV,Henri IV,Henri IV,Henri IV
4279220208,1,10,1,1,,0,1,PASA015,Midway_1945,,中途岛（旧）,,Midway (old),Midway (< 23.01.2019),Midway (old),Midway (old)
3731830736,0,7,2,4,,1,0,PBSB537,Collingwood,,科林伍德,,Collingwood,Collingwood,Collingwood,Collingwood
4183734064,0,6,3,3,,0,0,PGSC106,Nurnberg,,纽伦堡,,Nürnberg,Nürnberg,Nürnberg,Nürnberg
4178523952,0,11,2,3,,0,0,PGSB111,Hannover,,汉诺威,,Hannover,Hannover,Hannover,Hannover
4284397008,0,2,3,5,,1,0,PRSC010,Diana_1905_Lima,,狄安娜 L,,Diana L,Diana Lima,Diana L,Диана L
3740185808,0,9,3,8,,1,0,PZSC529,Mengchong,,蒙冲,,Mengchong,Mengchong,Mengchong,Mengchong
4181636432,0,8,3,12,,0,0,PVSC108,Ignacio_Allende,,伊格纳西奥·阿连德,,I. Allende,Ignacio Allende,I. Allende,I. Allende
3750671824,0,9,3,5,,1,0,PRSC519,Scherbakov,,谢尔巴科夫,,Scherbakov,Scherbakov,Scherbakov,Щербаков
3740219120,0,9,2,7,,1,0,PISB529,Tranclucator,,阻断器,,Tranclucator,Tranclucator,Tranclucator,Tranclucator
4288591856,0,7,3,1,,1,0,PASC006,Atlanta_1942,,亚特兰大,,Atlanta,Atlanta,Atlanta,Atlanta
3761157840,0,9,3,2,,1,0,PJSC509,Black_Azuma,,吾妻 B,,Azuma B,Azuma B,Azuma B,Azuma B
4292786160,0,2,3,1,,0,0,PASC002,Chester_1908,,切斯特,,Chester,Chester,Chester,Chester
3750705136,0,9,2,1,,1,0,PASB519,Kearsarge,,奇尔沙治,,Kearsarge,Kearsarge,Kearsarge,Kearsarge
4282365936,1,8,1,1,,0,1,PASA012,Lexington_1944,,列克星敦（旧）,,Lexington (old),Lexington (< 23.01.2019),Lexington (old),Lexington (old)
4179507152,0,10,4,4,,0,0,PBSD110,Daring,,果敢,,Daring,Daring,Daring,Daring
3753785136,0,6,4,3,,1,0,PGSD516,Karl_von_Schonberg,,K.勋伯格,,K. Schönberg,Karl von Schönberg,K. Schönberg,K. Schönberg
4078909232,0,6,2,3,,0,0,PGSB206,Mackensen,,马肯森,,Mackensen,Mackensen,Mackensen,Mackensen
4182652112,0,7,4,8,,0,0,PZSD107,Gadjah_Mada,,加札马达,,Gadjah Mada,Gadjah Mada,Gadjah Mada,Gadjah Mada
4187928016,0,2,3,5,,0,0,PRSC102,Novik,,诺维克,,Novik,Novik,Novik,Новик
4182717904,0,7,2,5,,0,0,PRSB107,Sinop,,锡诺普,,Sinop,Sinop,Sinop,Синоп
4186846512,0,3,4,9,,0,0,PWSD103,Romulus,,罗慕路斯,,Romulus,Romulus,Romulus,Romulus
4289640432,0,5,3,1,,0,0,PASC005,Omaha_1923,,奥马哈,,Omaha,Omaha,Omaha,Omaha
4292753392,0,2,4,1,,0,0,PASD002,Sampson_1917,,桑普森,,Sampson,Sampson,Sampson,Sampson
4280203248,1,8,3,1,,0,1,PASC014,New_Orlean_1944,,新奥尔良（旧）,,New Orleans (old),New Orleans (< 31.05.2018),New Orleans (old),New Orleans (old)
3762239312,0,8,2,6,,1,0,PFSB508,Gascogne,,加斯科涅,,Gascogne,Gascogne,Gascogne,Gascogne
4074682320,0,10,3,4,,0,0,PBSC210,Goliath,,哥利亚,,Goliath,Goliath,Goliath,Goliath
4185831216,0,4,3,3,,0,0,PGSC104,Karlsruhe,,卡尔斯鲁厄,,Karlsruhe,Karlsruhe,Karlsruhe,Karlsruhe
4180621104,0,9,2,3,,0,0,PGSB109,Friedrich_der_Grosse,,腓特烈大帝,,F. der Grosse,Friedrich der Grosse,F. der Grosse,F. der Grosse
4280170192,0,2,4,2,,1,0,PJSD014,Tachibana_1912_Lima,,橘 Lima,,Tachibana L,Tachibana Lima,橘 L,Tachibana L
4077795312,0,7,4,1,,0,0,PASD207,Farrand,,法兰德,,Farrand,Farrand,Farrand,Farrand
4076844752,0,8,1,2,,0,0,PJSA208,Hiryu,,飞龙,,Hiryū,Hiryū,Hiryū,Hiryū
4183733584,0,6,3,12,,0,0,PVSC106,Almirante_Cochrane,,科克伦海军上将,,Almte. Cochrane,Almirante Cochrane,Almte. Cochrane,Almte. Cochrane
4255037136,0,8,3,2,,1,0,PJSC038,Atago_1944,,爱宕,,Atago,Atago,愛宕,Atago
3763254992,0,7,3,2,,1,0,PJSC507,Tokachi,,十胜,,Tokachi,Tokachi,十勝,Tokachi
3752802288,0,7,2,1,,1,0,PASB517,Florida,,佛罗里达,,Florida,Florida,Florida,Florida
4284463088,1,7,1,1,,0,1,PASA010,Ranger_1944,,突击者（旧）,,Ranger (old),Ranger (< 23.01.2019),Ranger (old),Ranger (old)
4183734032,0,6,3,10,,0,0,PHSC106,Kijkduin,,凯敦,,Kijkduin,Kijkduin,Kijkduin,Kijkduin
4181604304,0,8,4,4,,0,0,PBSD108,Lightning,,雷电,,Lightning,Lightning,Lightning,Lightning
3750672176,0,9,3,3,,1,0,PGSC519,Aegir,,埃吉尔,,Ägir,Ägir,Ägir,Ägir
4081006384,0,4,2,3,,0,0,PGSB204,Moltke,,毛奇,,Moltke,Moltke,Moltke,Moltke
4184749264,0,5,4,8,,0,0,PZSD105,Jian_Wei,,建威,,Jianwei,Jianwei,Jianwei,Jianwei
4178491344,0,11,3,4,,0,0,PBSC111,Edgar,,埃德加,,Edgar,Edgar,Edgar,Edgar
3720263120,0,8,3,5,,1,0,PRSC548,Bagration,,巴格拉季昂,,Bagration,Bagration,Bagration,Багратион
4184782576,0,5,3,7,,0,0,PISC105,Raimondo_Montecuccoli,,蒙德库克利,,Montecuccoli,Raimondo Montecuccoli,Montecuccoli,Montecuccoli
4179604944,0,10,1,5,,0,0,PRSA110,Admiral_Nakhimov,,纳希莫夫,,Nakhimov,Admiral Nakhimov,Nakhimov,Нахимов
4267620048,0,4,3,2,,1,0,PJSC026,Iwaki_1944,,岩城 Alpha,,Iwaki A,Iwaki Alpha,磐城 A,Iwaki A
3768497488,0,2,3,12,,1,0,PVSC502,Almirante_Abreu,,阿布瑞尤海军上将,,Alm. Abreu,Almirante Abreu,Alm. Abreu,Alm. Abreu
4179605488,0,10,1,1,,0,0,PASA110,Midway,,中途岛,,Midway,Midway,Midway,Midway
4178524144,0,11,2,1,,0,0,PASB111,Maine,,缅因,,Maine,Maine,Maine,Maine
4075730736,0,9,3,3,,0,0,PGSC209,Freya,,芙蕾雅,,Freya,Freya,Freya,Freya
4076779472,0,8,3,4,,0,0,PBSC208,Albemarle,,阿尔伯马尔,,Albemarle,Albemarle,Albemarle,Albemarle
4182718256,0,7,2,3,,0,0,PGSB107,Gneisenau,,格奈森瑙,,Gneisenau,Gneisenau,Gneisenau,Gneisenau
4180587952,0,9,3,13,,0,0,PSSC109,Andalucia,,安达卢西亚,,Andalucía,Andalucía,Andalucía,Andalucía
4179539408,0,10,3,5,,0,1,PRSC110,Pr_66_Moskva,,莫斯科,,Moskva,Moskva,Moskva,Москва
4185896944,0,4,1,1,,0,0,PASA104,Langley,,兰利,,Langley,Langley,Langley,Langley
4179015664,1,10,5,1,,0,1,PASS110,Balao,,巴劳鱵 (old),,Balao (old),Balao (< 04.10.2022),Balao (old),Balao (old)
4183700944,1,6,4,5,,0,1,PRSD106,Pr_30_Ognevoy,,火力 (OLD),,Ognevoi (OLD),Ognevoi (< 06.03.2017),Ognevoi (OLD),Огневой (OLD)
4185830736,0,4,3,12,,0,0,PVSC104,Cordoba,,科尔多瓦,,Córdoba,Córdoba,Córdoba,Córdoba
4291737040,0,5,3,5,,1,0,PRSC003,Murmansk_1944,,摩尔曼斯克,,Murmansk,Murmansk,Murmansk,Мурманск
3749656016,0,10,2,5,,0,1,PRSB520,Severomorsk,,北莫尔斯克,,Severomorsk,Severomorsk,Severomorsk,Североморск
4248745968,0,5,3,1,,1,0,PASC044,Marblehead_1924,,马布尔黑德,,Marblehead,Marblehead,Marblehead,Marblehead
3655219184,0,10,4,1,,0,1,PASD610,Forrest_Sherman,,福雷斯特·谢尔曼,,F. Sherman,Forrest Sherman,F. Sherman,F. Sherman
3763779408,0,6,5,6,,1,0,PFSS506,Saphir,,蓝宝石,,Saphir,Saphir,Saphir,Saphir
3761682160,0,8,5,7,,1,0,PISS508,Nani,,贾科莫·纳尼,,G. Nani,G. Nani,G. Nani,G. Nani
3741234384,0,8,3,8,,1,0,PZSC528,Dou_Jian,,斗舰,,Dou Jian,Dou Jian,Dou Jian,Dou Jian
3729700304,0,9,3,5,,1,0,PRSC539,Yuri_Dolgorukiy,,尤里·多尔戈鲁基,,Y. Dolgoruky,Y. Dolgoruky,Y. Dolgoruky,Ю. Долгорукий
3751785680,0,8,1,8,,1,0,PZSA518,Xian_Deng,,先登,,Xian Deng,Xian Deng,Xian Deng,Xian Deng
4178556368,0,11,1,5,,0,0,PRSA111,Ulyanovsk,,乌里扬诺夫斯克,,Ulyanovsk,Ulyanovsk,Ulyanovsk,Ульяновск
3760108976,0,10,3,13,,0,1,PSSC510,Madrid,,马德里,,Madrid,Madrid,Madrid,Madrid
3973985744,0,6,4,5,,0,0,PRSD306,Soobrazitelny,,灵敏,,Soobrazitelny,Soobrazitelny,Soobrazitelny,Сообразительный
3743364560,0,6,2,5,,1,0,PRSB526,Top_Secret,,最高机密,,Top Secret,Top Secret,Top Secret,Топ Сикрет
3962451408,0,7,4,5,,0,0,PRSD317,Osmotritelny,,谨慎,,Osmotritelny,Osmotritelny,Osmotritelny,Осмотрительный
3960354256,0,9,4,5,,0,0,PRSD319,Spokoiny,,平静,,Spokoiny,Spokoiny,Spokoiny,Спокойный
3761124816,0,9,4,5,,1,0,PRSD509,Sovremenny,,现代,,Sovremenny,Sovremenny,Sovremenny,Современный
3754898896,0,5,2,5,,1,0,PRSB515,Parizhskaya_Kommuna,,巴黎公社,,P. Commune,P. Commune,P. Commune,П. коммуна
3761190736,0,9,2,6,,1,0,PFSB509,Bernadotte,,贝尔纳多特,,Bernadotte,Bernadotte,Bernadotte,Bernadotte
4066260432,0,8,4,5,,0,0,PRSD218,Opytny,,老练,,Opytniy,Opytniy,Opytniy,Опытный
3334387152,0,6,3,5,,0,1,PRSC916,Makarov_challenge,,马卡洛夫 U,,Makarov U,Makarov U,Makarov U,Макаров У
3751753680,0,8,2,4,,1,0,PBSB518,Anson,,安森,,Anson,Anson,Anson,Anson
3959305680,0,10,4,5,,0,0,PRSD320,Gordelivy,,高傲,,Gordelivy,Gordelivy,Gordelivy,Горделивый
3961402832,0,8,4,5,,0,0,PRSD318,Smely,,大胆,,Smely,Smely,Smely,Смелый
3750639440,0,9,4,6,,1,0,PFSD519,Forbin,,福尔班,,Forbin,Forbin,Forbin,Forbin
3761157456,0,9,3,12,,1,0,PVSC509,Francisco_Miranda,,弗朗西斯科·德·米兰达,,F. de Miranda,F. de Miranda,F. de Miranda,F. de Miranda
4179015504,0,10,5,6,,0,0,PFSS110,Casabianca,,卡萨比安卡,,Casabianca,Casabianca,Casabianca,Casabianca
4181112656,0,8,5,6,,0,0,PFSS108,L_Africaine,,非洲女郎,,L'Africaine,L'Africaine,L'Africaine,L'Africaine
4183209808,0,6,5,6,,0,0,PFSS106,Diane,,狄安娜,,Diane,Diane,Diane,Diane
3749623600,0,10,3,3,,0,1,PGSC520,Falkenhayn,,法金汉,,Falkenhayn,Falkenhayn,Falkenhayn,Falkenhayn
4178458448,0,11,4,6,,0,0,PFSD111,Robespierre,,罗伯斯庇尔,,Robespierre,Robespierre,Robespierre,Robespierre
3761125200,0,9,4,6,,1,0,PFSD509,Duperre,,杜佩雷,,Duperré,Duperré,Duperré,Duperré
3739170256,0,10,2,5,,0,1,PRSB530,Krasnoe_Znamya,,红旗,,Krasnoe Znamya,Krasnoe Znamya,Krasnoe Znamya,Кр. Знамя
3445569232,0,10,2,2,,0,1,PJSB810,Colorful_Yamato,,大和 CLR,,Yamato CLR,Yamato CLR,Yamato CLR,Yamato CLR
3446552528,0,9,4,4,,1,0,PBSD809,Colorful_Jutland,,日德兰 CLR,,Jutland CLR,Jutland CLR,Jutland CLR,Jutland CLR
3444488016,0,11,3,6,,0,1,PFSC811,Colorful_Conde,,孔代 CLR,,Condé CLR,Condé CLR,Condé CLR,Condé CLR
3719247056,0,9,2,8,,1,0,PZSB549,Julang,,巨浪,,Julang,Julang,Julang,Julang
3760174832,0,10,1,7,,0,1,PISA510,Lazio,,拉齐奥,,Lazio,Lazio,Lazio,Lazio
4075730672,0,9,3,7,,0,0,PISC209,Elio_Adriano,,埃利乌斯·哈德良,,Elio Adriano,Elio Adriano,Elio Adriano,Elio Adriano
4178523888,0,11,2,7,,0,0,PISB111,Galileo,,伽利略,,Galileo,Galileo,Galileo,Galileo
3728651984,0,10,3,2,,0,1,PJSC540,Chikugo,,筑后,,Chikugo,Chikugo,Chikugo,Chikugo
3750672336,0,9,3,4,,1,0,PBSC519,Mita,,米塔,,Mita,Mita,Mita,Mita
3719247312,0,9,2,5,,1,0,PRSB549,Sovetskaya_Gruzia,,格鲁吉亚,,Gruzia,Gruzia,Gruzia,Грузия
4074682096,0,10,3,7,,0,0,PISC210,Ulpio_Traiano,,乌尔皮乌斯·图拉真,,Ulpio Traiano,Ulpio Traiano,Ulpio Traiano,Ulpio Traiano
3729733360,0,9,2,7,,1,0,PISB539,Impero,,帝国,,Impero,Impero,Impero,Impero
3334354384,0,6,4,5,,0,1,PRSD916,Destroyer_challenge,,顽强,,Uporny,Uporny,Uporny,Упорный
4077827824,0,7,3,7,,0,0,PISC207,Valerio_Constantino,,瓦莱里乌斯·君士坦丁,,V. Constantino,V. Constantino,V. Constantino,V. Constantino
4076779248,0,8,3,7,,0,0,PISC208,Marco_Aurelio,,马可·奥勒留,,Marco Aurelio,Marco Aurelio,Marco Aurelio,Marco Aurelio
4078876400,0,6,3,7,,0,0,PISC206,Aurelio_Diocleziano,,奥勒里乌斯·戴克里先,,A. Diocleziano,A. Diocleziano,A. Diocleziano,A. Diocleziano
3749099216,0,10,5,2,,0,1,PJSS520,I2,,I-2,,I-2,I-2,I-2,I-2
3730749232,0,8,3,3,,1,0,PGSC538,Sabie,,萨比,,Sabie,Sabie,Sabie,Sabie
3749656560,0,10,2,1,,0,1,PASB520,President,,总统,,President,President,President,President
3759093584,0,11,2,6,,0,1,PFSB511,Aquitaine,,阿基坦,,Aquitaine,Aquitaine,Aquitaine,Aquitaine
3550361584,0,10,4,1,,0,1,PASD710,William_R_Rush,,威廉·R·拉什,,William R. Rush,William R. Rush,William R. Rush,William R. Rush
3709777904,0,8,3,1,,1,0,PASC558,Constitution,,宪法,,Constitution,Constitution,Constitution,Constitution
3760108848,0,10,3,9,,0,1,PWSC510,Tordenskjold,,托登斯基尔德,,Tordenskjold,Tordenskjold,Tordenskjold,Tordenskjold
3750639056,0,9,4,5,,1,0,PRSD519,Pr_31_Ognenny,,火红,,Ognenny,Ognenny,Ognenny,Огненный
3655218384,0,10,4,8,,0,1,PZSD610,Huang_Long_Chuan,,黄龙船,,Tuntou,Tuntou,Tuntou,Tuntou
4073633520,0,11,3,7,,0,1,PISC211,Liguria,,利古里亚,,Liguria,Liguria,Liguria,Liguria
3760076624,0,10,4,6,,0,1,PFSD510,Voltigeur,,腾跃兵,,Voltigeur,Voltigeur,Voltigeur,Voltigeur
4074747888,0,10,1,1,,0,0,PASA210,Essex,,埃塞克斯,,Essex,Essex,Essex,Essex
4076845040,0,8,1,1,,0,0,PASA208,Yorktown,,约克城,,Yorktown,Yorktown,Yorktown,Yorktown
4078942192,0,6,1,1,,0,0,PASA206,Independence,,独立,,Independence,Independence,Independence,Independence
3749656272,0,10,2,2,,0,1,PJSB520,Raiju,,雷兽,,Raijū,Raijū,Raijū,Raijū
3678386160,0,8,1,1,,1,0,PASA588,Black_Hornet,,大黄蜂 B,,Hornet B,Hornet B,Hornet B,Hornet B
3760108880,0,10,3,12,,0,1,PVSC510,Simon_Bolivar,,西蒙·玻利瓦尔,,Simón Bolívar,Simón Bolívar,Simón Bolívar,Simón Bolívar
3676222832,0,10,3,11,,0,1,PUSC590,Black_Brisbane,,布里斯班 B,,Brisbane B,Brisbane B,Brisbane B,Brisbane B
3678320432,0,8,3,3,,1,0,PGSC588,Black_Prinz_Eugen,,欧根亲王 B,,Prinz Eugen B,Prinz Eugen B,Prinz Eugen B,Prinz Eugen B
3666752816,0,9,4,9,,1,0,PWSD599,Black_Jager,,猎兵 B,,Jäger B,Jäger B,Jäger B,Jäger B
3552490960,0,8,3,5,,1,0,PRSC708,Grem,,格列姆,,Grem,Grem,Grem,Грем
3739170768,0,10,2,4,,0,1,PBSB530,Jellicoe,,杰利科,,Jellicoe,Jellicoe,Jellicoe,Jellicoe
3667867472,0,8,2,6,,1,0,PFSB598,Black_Gascogne,,加斯科涅 B,,Gascogne B,Gascogne B,Gascogne B,Gascogne B
3728684496,0,10,2,5,,0,1,PRSB540,Strana_Sovetov,,苏维埃国家,,Strana Sovetov,Strana Sovetov,Strana Sovetov,Страна Советов
3761681712,0,8,5,9,,1,0,PWSS508,Saldiray,,萨尔迪雷,,Saldıray,Saldıray,Saldıray,Saldıray
3666818768,0,9,2,2,,1,0,PJSB599,Owari_no_Oni,,尾张之鬼,,Owari-no-Oni,Owari-no-Oni,Owari-no-Oni,Owari-no-Oni
3550426576,0,10,2,5,,0,1,PRSB710,Kiberslava,,赛博光荣,,Cyberslava,Cyberslava,Cyberslava,Киберслава
3753784784,0,6,4,5,,1,0,PRSD516,Shaumian,,邵武勉,,Shaumian,Shaumian,Shaumian,Шаумян
3720296432,0,8,2,1,,1,0,PASB548,Oregon,,俄勒冈,,Oregon,Oregon,Oregon,Oregon
4178457936,0,11,4,12,,0,1,PVSD111,20_de_Julio,,七月二十日,,20 de Julio,20 de Julio,20 de Julio,20 de Julio
4179506512,0,10,4,12,,0,1,PVSD110,Nueva_Esparta,,新埃斯帕塔,,Nueva Esparta,Nueva Esparta,Nueva Esparta,Nueva Esparta
3729733072,0,9,2,5,,1,0,PRSB539,Ural,,乌拉尔,,Ural,Ural,Ural,Урал
3750704976,0,9,2,6,,1,0,PFSB519,Jean_Bart_1943,,让·巴尔43,,Jean Bart '43,Jean Bart '43,Jean Bart '43,Jean Bart '43
4073666352,0,11,2,3,,0,1,PGSB211,Ludendorff,,鲁登道夫,,Ludendorff,Ludendorff,Ludendorff,Ludendorff
4183700816,0,6,4,12,,0,1,PVSD106,Buenos_Aires,,布宜诺斯艾利斯,,Buenos Aires,Buenos Aires,Buenos Aires,Buenos Aires
4180555088,0,9,4,12,,0,1,PVSD109,Para,,帕拉,,Pará,Pará,Pará,Pará
4182652240,0,7,4,12,,0,1,PVSD107,Acre,,阿克里,,Acre,Acre,Acre,Acre
4184749392,0,5,4,12,,0,1,PVSD105,Serrano,,塞拉诺,,Serrano,Serrano,Serrano,Serrano
4181603664,0,8,4,12,,0,1,PVSD108,Carvajal,,卡瓦哈尔,,Carvajal,Carvajal,Carvajal,Carvajal
3740219216,0,9,2,6,,1,0,PFSB529,Artois,,阿图瓦,,Artois,Artois,Artois,Artois
3644798160,0,10,2,8,,0,1,PZSB620,Huangdi,,黄帝,,Huángdì,Huángdì,Huángdì,Huángdì
3729700048,0,9,3,8,,1,0,PZSC539,Chidi,,赤帝,,Chìdì,Chìdì,Chìdì,Chìdì
3657348560,0,8,3,5,,1,0,PRSC608,Latanu,,洛坦,,Latanu,Latanu,Latanu,Латану
3646862800,0,8,3,5,,1,0,PRSC618,Albatros,,信天翁,,Albatross,Albatross,Albatross,Альбатрос
3656299984,0,9,3,5,,1,0,PRSC609,Kometa,,彗星,,Kometa,Kometa,Kometa,Комета
3657348304,0,8,3,8,,1,0,PZSC608,Tanifa,,塔尼瓦,,Tanifa,Tanifa,Tanifa,Tanifa
3759028208,0,11,4,1,,0,1,PASD511,Stonewall,,石墙,,Stonewall,Stonewall,Stonewall,Stonewall
3446584784,0,9,3,5,,1,0,PRSC809,Colorful_Riga,,里加 CLR,,Riga CLR,Riga CLR,Riga CLR,Riga CLR
3435018224,0,10,4,1,,0,1,PASD820,Colorful_Lynch,,林奇 CLR,,Lynch CLR,Lynch CLR,Lynch CLR,Lynch CLR
3444520912,0,11,2,4,,0,1,PBSB811,Colorful_Devastation,,毁灭 CLR,,Devastation CLR,Devastation CLR,Devastation CLR,Devastation CLR
3447633232,0,8,3,12,,1,0,PVSC808,Colorful_Ignacio_Allende,,伊格纳西奥·阿连德 CLR,,I. Allende CLR,I. Allende CLR,I. Allende CLR,I. Allende CLR
3707680208,0,10,3,5,,0,1,PRSC560,Gen_Suvorov,,苏沃洛夫大元帅,,G. Suvorov,G. Suvorov,G. Suvorov,Суворов
